{
  "custom": {},
  "params": {},
  "props": {},
  "root": {
    "children": [
      {
        "children": [
          {
            "meta": {
              "name": "bedroom"
            },
            "position": {
              "basis": "496px"
            },
            "props": {
              "fit": {
                "mode": "contain"
              },
              "source": "/system/images/bedroom.jpg",
              "style": {
                "marginLeft": 15,
                "marginTop": -50
              }
            },
            "type": "ia.display.image"
          },
          {
            "children": [
              {
                "children": [
                  {
                    "children": [
                      {
                        "children": [
                          {
                            "children": [
                              {
                                "meta": {
                                  "name": "blindOpened"
                                },
                                "position": {
                                  "basis": "100px"
                                },
                                "propConfig": {
                                  "meta.visible": {
                                    "binding": {
                                      "config": {
                                        "fallbackDelay": 2.5,
                                        "mode": "direct",
                                        "tagPath": "[MQTT Engine]Edge Nodes/My Devices/Node-Red/Sparkplug Device/house/bedroom/blinds.value"
                                      },
                                      "transforms": [
                                        {
                                          "fallback": null,
                                          "inputType": "expression",
                                          "mappings": [
                                            {
                                              "input": "0",
                                              "output": true
                                            },
                                            {
                                              "input": "0.3",
                                              "output": false
                                            },
                                            {
                                              "input": "0.6",
                                              "output": false
                                            },
                                            {
                                              "input": "0.9",
                                              "output": false
                                            },
                                            {
                                              "input": "1",
                                              "output": false
                                            }
                                          ],
                                          "outputType": "scalar",
                                          "type": "map"
                                        }
                                      ],
                                      "type": "tag"
                                    }
                                  }
                                },
                                "props": {
                                  "fit": {
                                    "mode": "contain"
                                  },
                                  "source": "/system/images/blindOpened.png",
                                  "style": {
                                    "marginTop": 2
                                  }
                                },
                                "type": "ia.display.image"
                              }
                            ],
                            "meta": {
                              "name": "FlexContainer"
                            },
                            "position": {
                              "basis": 150
                            },
                            "type": "ia.container.flex"
                          },
                          {
                            "children": [
                              {
                                "meta": {
                                  "name": "Blind30or60_"
                                },
                                "position": {
                                  "basis": "130px"
                                },
                                "propConfig": {
                                  "meta.visible": {
                                    "binding": {
                                      "config": {
                                        "fallbackDelay": 2.5,
                                        "mode": "direct",
                                        "tagPath": "[MQTT Engine]Edge Nodes/My Devices/Node-Red/Sparkplug Device/house/bedroom/blinds.value"
                                      },
                                      "transforms": [
                                        {
                                          "fallback": null,
                                          "inputType": "expression",
                                          "mappings": [
                                            {
                                              "input": "0",
                                              "output": false
                                            },
                                            {
                                              "input": "0.3",
                                              "output": true
                                            },
                                            {
                                              "input": "0.6",
                                              "output": true
                                            },
                                            {
                                              "input": "0.9",
                                              "output": false
                                            },
                                            {
                                              "input": "1",
                                              "output": false
                                            }
                                          ],
                                          "outputType": "scalar",
                                          "type": "map"
                                        }
                                      ],
                                      "type": "tag"
                                    }
                                  }
                                },
                                "props": {
                                  "fit": {
                                    "mode": "contain"
                                  },
                                  "source": "/system/images/Blind30or60..png"
                                },
                                "type": "ia.display.image"
                              }
                            ],
                            "meta": {
                              "name": "FlexContainer_0"
                            },
                            "position": {
                              "basis": 150
                            },
                            "type": "ia.container.flex"
                          },
                          {
                            "children": [
                              {
                                "meta": {
                                  "name": "_100pBlind"
                                },
                                "position": {
                                  "basis": "100px"
                                },
                                "propConfig": {
                                  "meta.visible": {
                                    "binding": {
                                      "config": {
                                        "fallbackDelay": 2.5,
                                        "mode": "direct",
                                        "tagPath": "[MQTT Engine]Edge Nodes/My Devices/Node-Red/Sparkplug Device/house/bedroom/blinds.value"
                                      },
                                      "transforms": [
                                        {
                                          "fallback": null,
                                          "inputType": "expression",
                                          "mappings": [
                                            {
                                              "input": "0",
                                              "output": false
                                            },
                                            {
                                              "input": "0.3",
                                              "output": false
                                            },
                                            {
                                              "input": "0.6",
                                              "output": false
                                            },
                                            {
                                              "input": "0.9",
                                              "output": true
                                            },
                                            {
                                              "input": "1",
                                              "output": true
                                            }
                                          ],
                                          "outputType": "scalar",
                                          "type": "map"
                                        }
                                      ],
                                      "type": "tag"
                                    }
                                  }
                                },
                                "props": {
                                  "fit": {
                                    "mode": "contain"
                                  },
                                  "source": "/system/images/100pBlind.png"
                                },
                                "type": "ia.display.image"
                              }
                            ],
                            "meta": {
                              "name": "endpos"
                            },
                            "position": {
                              "basis": "200px"
                            },
                            "type": "ia.container.flex"
                          }
                        ],
                        "meta": {
                          "name": "Images"
                        },
                        "position": {
                          "basis": 154
                        },
                        "props": {
                          "direction": "column"
                        },
                        "type": "ia.container.flex"
                      },
                      {
                        "children": [
                          {
                            "children": [
                              {
                                "meta": {
                                  "name": "Label"
                                },
                                "position": {
                                  "basis": "232px"
                                },
                                "props": {
                                  "text": "Blinds",
                                  "textStyle": {
                                    "color": "#800080",
                                    "fontFamily": "Helvetica",
                                    "fontSize": "calc(1.1 * (1.0vmin + 1.0vmax))",
                                    "fontWeight": "bold",
                                    "marginLeft": 45
                                  }
                                },
                                "type": "ia.display.label"
                              }
                            ],
                            "meta": {
                              "name": "FlexContainer"
                            },
                            "position": {
                              "basis": "94px"
                            },
                            "type": "ia.container.flex"
                          },
                          {
                            "children": [
                              {
                                "meta": {
                                  "name": "Label"
                                },
                                "position": {
                                  "basis": "133px"
                                },
                                "props": {
                                  "style": {
                                    "marginLeft": 5
                                  },
                                  "text": "Open position:",
                                  "textStyle": {
                                    "fontSize": "calc(0.9 * (1.0vmin + 1.0vmax))"
                                  }
                                },
                                "type": "ia.display.label"
                              },
                              {
                                "meta": {
                                  "name": "ToggleSwitch"
                                },
                                "position": {
                                  "basis": "96px"
                                },
                                "propConfig": {
                                  "props.label.text": {
                                    "binding": {
                                      "config": {
                                        "fallbackDelay": 2.5,
                                        "mode": "direct",
                                        "tagPath": "[MQTT Engine]Edge Nodes/My Devices/Node-Red/Sparkplug Device/house/bedroom/blinds.value"
                                      },
                                      "transforms": [
                                        {
                                          "fallback": null,
                                          "inputType": "expression",
                                          "mappings": [
                                            {
                                              "input": "0",
                                              "output": "OFF"
                                            },
                                            {
                                              "input": "0.3",
                                              "output": "ON"
                                            },
                                            {
                                              "input": "0.6",
                                              "output": "ON"
                                            },
                                            {
                                              "input": "0.9",
                                              "output": "ON"
                                            },
                                            {
                                              "input": "1",
                                              "output": null
                                            }
                                          ],
                                          "outputType": "scalar",
                                          "type": "map"
                                        }
                                      ],
                                      "type": "tag"
                                    }
                                  },
                                  "props.selected": {
                                    "binding": {
                                      "config": {
                                        "fallbackDelay": 2.5,
                                        "mode": "direct",
                                        "tagPath": "[MQTT Engine]Edge Nodes/My Devices/Node-Red/Sparkplug Device/house/bedroom/blinds.value"
                                      },
                                      "transforms": [
                                        {
                                          "fallback": null,
                                          "inputType": "expression",
                                          "mappings": [
                                            {
                                              "input": "0",
                                              "output": false
                                            },
                                            {
                                              "input": "0.3",
                                              "output": true
                                            },
                                            {
                                              "input": "0.6",
                                              "output": true
                                            },
                                            {
                                              "input": "0.9",
                                              "output": true
                                            },
                                            {
                                              "input": "1",
                                              "output": true
                                            }
                                          ],
                                          "outputType": "scalar",
                                          "type": "map"
                                        }
                                      ],
                                      "type": "tag"
                                    }
                                  }
                                },
                                "props": {
                                  "color": {
                                    "selected": "#FF00FF",
                                    "unselected": "#AC00AC"
                                  },
                                  "label": {
                                    "style": {
                                      "fontSize": "calc(0.9 * (1.0vmin + 1.0vmax))"
                                    }
                                  }
                                },
                                "type": "ia.input.toggle-switch"
                              }
                            ],
                            "meta": {
                              "name": "FlexContainer_0"
                            },
                            "position": {
                              "basis": 150
                            },
                            "type": "ia.container.flex"
                          },
                          {
                            "children": [
                              {
                                "children": [
                                  {
                                    "meta": {
                                      "name": "Label"
                                    },
                                    "position": {
                                      "basis": "25px"
                                    },
                                    "propConfig": {
                                      "props.text": {
                                        "binding": {
                                          "config": {
                                            "fallbackDelay": 2.5,
                                            "mode": "direct",
                                            "tagPath": "[Sample_Tags]New Tag.value"
                                          },
                                          "type": "tag"
                                        }
                                      }
                                    },
                                    "props": {
                                      "style": {
                                        "marginLeft": 20
                                      },
                                      "textStyle": {
                                        "fontSize": "calc(0.9 * (1.0vmin + 1.0vmax))"
                                      }
                                    },
                                    "type": "ia.display.label"
                                  },
                                  {
                                    "meta": {
                                      "name": "Label_0"
                                    },
                                    "position": {
                                      "basis": "50px"
                                    },
                                    "props": {
                                      "style": {
                                        "marginLeft": 0
                                      },
                                      "text": "%",
                                      "textStyle": {
                                        "fontSize": "calc(0.9 * (1.0vmin + 1.0vmax))"
                                      }
                                    },
                                    "type": "ia.display.label"
                                  }
                                ],
                                "meta": {
                                  "name": "FlexContainer"
                                },
                                "position": {
                                  "basis": "110px"
                                },
                                "type": "ia.container.flex"
                              }
                            ],
                            "meta": {
                              "name": "FlexContainer_1"
                            },
                            "position": {
                              "basis": "200px"
                            },
                            "type": "ia.container.flex"
                          }
                        ],
                        "meta": {
                          "name": "Info"
                        },
                        "position": {
                          "basis": 154,
                          "grow": 1
                        },
                        "props": {
                          "direction": "column",
                          "style": {
                            "borderLeftStyle": "solid",
                            "borderTopStyle": "none"
                          }
                        },
                        "type": "ia.container.flex"
                      }
                    ],
                    "meta": {
                      "name": "Blinds"
                    },
                    "position": {
                      "basis": 308
                    },
                    "props": {
                      "style": {
                        "backgroundColor": "#D5D5D5",
                        "borderBottomLeftRadius": 15,
                        "borderBottomRightRadius": 15,
                        "borderStyle": "solid",
                        "borderTopLeftRadius": 15,
                        "borderTopRightRadius": 15,
                        "marginLeft": 20,
                        "marginTop": 15
                      }
                    },
                    "type": "ia.container.flex"
                  }
                ],
                "meta": {
                  "name": "Blinds"
                },
                "position": {
                  "basis": "243px"
                },
                "type": "ia.container.flex"
              },
              {
                "children": [
                  {
                    "children": [
                      {
                        "children": [
                          {
                            "children": [
                              {
                                "meta": {
                                  "name": "Label"
                                },
                                "position": {
                                  "basis": "232px"
                                },
                                "props": {
                                  "text": "Bulb 1",
                                  "textStyle": {
                                    "color": "#800080",
                                    "fontFamily": "Helvetica",
                                    "fontSize": "calc(1.1 * (1.0vmin + 1.0vmax))",
                                    "fontWeight": "bold",
                                    "marginLeft": 45
                                  }
                                },
                                "type": "ia.display.label"
                              }
                            ],
                            "meta": {
                              "name": "FlexContainer"
                            },
                            "position": {
                              "basis": "94px"
                            },
                            "type": "ia.container.flex"
                          },
                          {
                            "children": [
                              {
                                "meta": {
                                  "name": "Icon"
                                },
                                "position": {
                                  "basis": "78px"
                                },
                                "propConfig": {
                                  "props.color": {
                                    "binding": {
                                      "config": {
                                        "fallbackDelay": 2.5,
                                        "mode": "direct",
                                        "tagPath": "[MQTT Engine]Edge Nodes/My Devices/Node-Red/Sparkplug Device/house/bedroom/bulb1.value"
                                      },
                                      "transforms": [
                                        {
                                          "fallback": "#000000",
                                          "inputType": "expression",
                                          "mappings": [
                                            {
                                              "input": "false",
                                              "output": "#000000"
                                            },
                                            {
                                              "input": "true",
                                              "output": "#AC5F00"
                                            }
                                          ],
                                          "outputType": "color",
                                          "type": "map"
                                        }
                                      ],
                                      "type": "tag"
                                    }
                                  }
                                },
                                "props": {
                                  "path": "material/emoji_objects",
                                  "style": {
                                    "marginLeft": 35
                                  }
                                },
                                "type": "ia.display.icon"
                              }
                            ],
                            "meta": {
                              "name": "FlexContainer_0"
                            },
                            "position": {
                              "basis": "84px"
                            },
                            "type": "ia.container.flex"
                          },
                          {
                            "children": [
                              {
                                "children": [
                                  {
                                    "events": {
                                      "component": {
                                        "onActionPerformed": {
                                          "config": {
                                            "script": "\tsystem.cirruslink.engine.publish(\"Chariot\n\tSCADA\",\"house/livingroom/bulb1\",str(\n\t\"toggle\").encode(),0,0)"
                                          },
                                          "scope": "G",
                                          "type": "script"
                                        }
                                      }
                                    },
                                    "meta": {
                                      "name": "ToggleSwitch"
                                    },
                                    "position": {
                                      "basis": "70px"
                                    },
                                    "propConfig": {
                                      "props.selected": {
                                        "binding": {
                                          "config": {
                                            "bidirectional": true,
                                            "fallbackDelay": 2.5,
                                            "mode": "direct",
                                            "tagPath": "[MQTT Engine]Edge Nodes/My Devices/Node-Red/Sparkplug Device/house/bedroom/bulb1.value"
                                          },
                                          "type": "tag"
                                        }
                                      }
                                    },
                                    "props": {
                                      "color": {
                                        "selected": "#FF47FF",
                                        "unselected": "#800080"
                                      },
                                      "label": {
                                        "text": null
                                      },
                                      "style": {
                                        "marginTop": 23
                                      }
                                    },
                                    "type": "ia.input.toggle-switch"
                                  },
                                  {
                                    "meta": {
                                      "name": "Label"
                                    },
                                    "position": {
                                      "basis": "50px"
                                    },
                                    "propConfig": {
                                      "props.text": {
                                        "binding": {
                                          "config": {
                                            "fallbackDelay": 2.5,
                                            "mode": "direct",
                                            "tagPath": "[MQTT Engine]Edge Nodes/My Devices/Node-Red/Sparkplug Device/house/bedroom/bulb1.value"
                                          },
                                          "transforms": [
                                            {
                                              "fallback": null,
                                              "inputType": "expression",
                                              "mappings": [
                                                {
                                                  "input": "true",
                                                  "output": "ON"
                                                },
                                                {
                                                  "input": "false",
                                                  "output": "OFF"
                                                }
                                              ],
                                              "outputType": "scalar",
                                              "type": "map"
                                            }
                                          ],
                                          "type": "tag"
                                        }
                                      }
                                    },
                                    "props": {
                                      "textStyle": {
                                        "fontSize": "calc(0.9 * (1.0vmin + 1.0vmax))"
                                      }
                                    },
                                    "type": "ia.display.label"
                                  }
                                ],
                                "meta": {
                                  "name": "FlexContainer"
                                },
                                "position": {
                                  "basis": "110px"
                                },
                                "type": "ia.container.flex"
                              }
                            ],
                            "meta": {
                              "name": "switch"
                            },
                            "position": {
                              "basis": "200px"
                            },
                            "type": "ia.container.flex"
                          }
                        ],
                        "meta": {
                          "name": "Bulb1"
                        },
                        "position": {
                          "basis": 154
                        },
                        "props": {
                          "direction": "column"
                        },
                        "type": "ia.container.flex"
                      },
                      {
                        "children": [
                          {
                            "children": [
                              {
                                "meta": {
                                  "name": "Label"
                                },
                                "position": {
                                  "basis": "232px"
                                },
                                "props": {
                                  "text": "Bulb 2",
                                  "textStyle": {
                                    "color": "#800080",
                                    "fontFamily": "Helvetica",
                                    "fontSize": "calc(1.1 * (1.0vmin + 1.0vmax))",
                                    "fontWeight": "bold",
                                    "marginLeft": 45
                                  }
                                },
                                "type": "ia.display.label"
                              }
                            ],
                            "meta": {
                              "name": "FlexContainer"
                            },
                            "position": {
                              "basis": "94px"
                            },
                            "type": "ia.container.flex"
                          },
                          {
                            "children": [
                              {
                                "meta": {
                                  "name": "Icon"
                                },
                                "position": {
                                  "basis": "78px"
                                },
                                "propConfig": {
                                  "props.color": {
                                    "binding": {
                                      "config": {
                                        "fallbackDelay": 2.5,
                                        "mode": "direct",
                                        "tagPath": "[MQTT Engine]Edge Nodes/My Devices/Node-Red/Sparkplug Device/house/bedroom/bulb2.value"
                                      },
                                      "transforms": [
                                        {
                                          "fallback": "#000000",
                                          "inputType": "expression",
                                          "mappings": [
                                            {
                                              "input": "true",
                                              "output": "#AC5F00"
                                            },
                                            {
                                              "input": "false",
                                              "output": "#000000"
                                            }
                                          ],
                                          "outputType": "color",
                                          "type": "map"
                                        }
                                      ],
                                      "type": "tag"
                                    }
                                  }
                                },
                                "props": {
                                  "path": "material/emoji_objects",
                                  "style": {
                                    "marginLeft": 35
                                  }
                                },
                                "type": "ia.display.icon"
                              }
                            ],
                            "meta": {
                              "name": "FlexContainer_0"
                            },
                            "position": {
                              "basis": "84px"
                            },
                            "type": "ia.container.flex"
                          },
                          {
                            "children": [
                              {
                                "children": [
                                  {
                                    "meta": {
                                      "name": "ToggleSwitch"
                                    },
                                    "position": {
                                      "basis": "59px"
                                    },
                                    "propConfig": {
                                      "props.selected": {
                                        "binding": {
                                          "config": {
                                            "bidirectional": true,
                                            "fallbackDelay": 2.5,
                                            "mode": "direct",
                                            "tagPath": "[MQTT Engine]Edge Nodes/My Devices/Node-Red/Sparkplug Device/house/bedroom/bulb2.value"
                                          },
                                          "type": "tag"
                                        }
                                      }
                                    },
                                    "props": {
                                      "color": {
                                        "selected": "#FF47FF",
                                        "unselected": "#800080"
                                      }
                                    },
                                    "type": "ia.input.toggle-switch"
                                  },
                                  {
                                    "meta": {
                                      "name": "Label"
                                    },
                                    "position": {
                                      "basis": "50px"
                                    },
                                    "propConfig": {
                                      "props.text": {
                                        "binding": {
                                          "config": {
                                            "fallbackDelay": 2.5,
                                            "mode": "direct",
                                            "tagPath": "[MQTT Engine]Edge Nodes/My Devices/Node-Red/Sparkplug Device/house/bedroom/bulb2.value"
                                          },
                                          "transforms": [
                                            {
                                              "fallback": null,
                                              "inputType": "expression",
                                              "mappings": [
                                                {
                                                  "input": "true",
                                                  "output": "ON"
                                                },
                                                {
                                                  "input": "false",
                                                  "output": "OFF"
                                                }
                                              ],
                                              "outputType": "scalar",
                                              "type": "map"
                                            }
                                          ],
                                          "type": "tag"
                                        }
                                      }
                                    },
                                    "props": {
                                      "textStyle": {
                                        "fontSize": "calc(0.9 * (1.0vmin + 1.0vmax))"
                                      }
                                    },
                                    "type": "ia.display.label"
                                  }
                                ],
                                "meta": {
                                  "name": "FlexContainer"
                                },
                                "position": {
                                  "basis": "110px"
                                },
                                "type": "ia.container.flex"
                              }
                            ],
                            "meta": {
                              "name": "FlexContainer_1"
                            },
                            "position": {
                              "basis": "200px"
                            },
                            "type": "ia.container.flex"
                          }
                        ],
                        "meta": {
                          "name": "Bulb2"
                        },
                        "position": {
                          "basis": 154,
                          "grow": 1
                        },
                        "props": {
                          "direction": "column",
                          "style": {
                            "borderLeftStyle": "solid",
                            "borderTopStyle": "none"
                          }
                        },
                        "type": "ia.container.flex"
                      }
                    ],
                    "meta": {
                      "name": "Bulbs"
                    },
                    "position": {
                      "basis": 308
                    },
                    "props": {
                      "style": {
                        "backgroundColor": "#D5D5D5",
                        "borderBottomLeftRadius": 15,
                        "borderBottomRightRadius": 15,
                        "borderStyle": "solid",
                        "borderTopLeftRadius": 15,
                        "borderTopRightRadius": 15,
                        "marginLeft": 20,
                        "marginTop": 15
                      }
                    },
                    "type": "ia.container.flex"
                  }
                ],
                "meta": {
                  "name": "Bulbs"
                },
                "position": {
                  "basis": "223px"
                },
                "type": "ia.container.flex"
              },
              {
                "children": [
                  {
                    "children": [
                      {
                        "children": [
                          {
                            "children": [
                              {
                                "meta": {
                                  "name": "Label"
                                },
                                "position": {
                                  "basis": "232px"
                                },
                                "props": {
                                  "text": "Plug 1",
                                  "textStyle": {
                                    "color": "#800080",
                                    "fontFamily": "Helvetica",
                                    "fontSize": "calc(1.1 * (1.0vmin + 1.0vmax))",
                                    "fontWeight": "bold",
                                    "marginLeft": 45
                                  }
                                },
                                "type": "ia.display.label"
                              }
                            ],
                            "meta": {
                              "name": "FlexContainer"
                            },
                            "position": {
                              "basis": "94px"
                            },
                            "type": "ia.container.flex"
                          },
                          {
                            "children": [
                              {
                                "meta": {
                                  "name": "Plug1_ON"
                                },
                                "position": {
                                  "basis": "48px"
                                },
                                "propConfig": {
                                  "meta.visible": {
                                    "binding": {
                                      "config": {
                                        "fallbackDelay": 2.5,
                                        "mode": "direct",
                                        "tagPath": "[MQTT Engine]Edge Nodes/My Devices/Node-Red/Sparkplug Device/house/bedroom/plug1.value"
                                      },
                                      "transforms": [
                                        {
                                          "fallback": null,
                                          "inputType": "expression",
                                          "mappings": [
                                            {
                                              "input": "true",
                                              "output": true
                                            },
                                            {
                                              "input": "false",
                                              "output": false
                                            }
                                          ],
                                          "outputType": "scalar",
                                          "type": "map"
                                        }
                                      ],
                                      "type": "tag"
                                    }
                                  }
                                },
                                "props": {
                                  "color": "#000000",
                                  "path": "material/power",
                                  "style": {
                                    "marginLeft": 35
                                  }
                                },
                                "type": "ia.display.icon"
                              },
                              {
                                "meta": {
                                  "name": "Plug1_OFF"
                                },
                                "position": {
                                  "basis": "50px"
                                },
                                "propConfig": {
                                  "meta.visible": {
                                    "binding": {
                                      "config": {
                                        "fallbackDelay": 2.5,
                                        "mode": "direct",
                                        "tagPath": "[MQTT Engine]Edge Nodes/My Devices/Node-Red/Sparkplug Device/house/bedroom/plug1.value"
                                      },
                                      "transforms": [
                                        {
                                          "fallback": null,
                                          "inputType": "expression",
                                          "mappings": [
                                            {
                                              "input": "true",
                                              "output": false
                                            },
                                            {
                                              "input": "false",
                                              "output": true
                                            }
                                          ],
                                          "outputType": "scalar",
                                          "type": "map"
                                        }
                                      ],
                                      "type": "tag"
                                    }
                                  }
                                },
                                "props": {
                                  "color": "#000000",
                                  "path": "material/power_off"
                                },
                                "type": "ia.display.icon"
                              }
                            ],
                            "meta": {
                              "name": "FlexContainer_0"
                            },
                            "position": {
                              "basis": 84
                            },
                            "type": "ia.container.flex"
                          },
                          {
                            "children": [
                              {
                                "children": [
                                  {
                                    "events": {
                                      "component": {
                                        "onActionPerformed": {
                                          "config": {
                                            "script": "\tsystem.cirruslink.engine.publish(\"Chariot\n\tSCADA\",\"house/livingroom/bulb1\",str(\n\t\"toggle\").encode(),0,0)"
                                          },
                                          "scope": "G",
                                          "type": "script"
                                        }
                                      }
                                    },
                                    "meta": {
                                      "name": "ToggleSwitch"
                                    },
                                    "position": {
                                      "basis": "70px"
                                    },
                                    "propConfig": {
                                      "props.selected": {
                                        "binding": {
                                          "config": {
                                            "bidirectional": true,
                                            "fallbackDelay": 2.5,
                                            "mode": "direct",
                                            "tagPath": "[MQTT Engine]Edge Nodes/My Devices/Node-Red/Sparkplug Device/house/bedroom/plug1.value"
                                          },
                                          "type": "tag"
                                        }
                                      }
                                    },
                                    "props": {
                                      "color": {
                                        "selected": "#FF47FF",
                                        "unselected": "#800080"
                                      },
                                      "label": {
                                        "text": null
                                      },
                                      "style": {
                                        "marginTop": 23
                                      }
                                    },
                                    "type": "ia.input.toggle-switch"
                                  },
                                  {
                                    "meta": {
                                      "name": "Label"
                                    },
                                    "position": {
                                      "basis": "50px"
                                    },
                                    "propConfig": {
                                      "props.text": {
                                        "binding": {
                                          "config": {
                                            "fallbackDelay": 2.5,
                                            "mode": "direct",
                                            "tagPath": "[MQTT Engine]Edge Nodes/My Devices/Node-Red/Sparkplug Device/house/bedroom/plug1.value"
                                          },
                                          "transforms": [
                                            {
                                              "fallback": null,
                                              "inputType": "expression",
                                              "mappings": [
                                                {
                                                  "input": "true",
                                                  "output": "ON"
                                                },
                                                {
                                                  "input": "false",
                                                  "output": "OFF"
                                                }
                                              ],
                                              "outputType": "scalar",
                                              "type": "map"
                                            }
                                          ],
                                          "type": "tag"
                                        }
                                      }
                                    },
                                    "props": {
                                      "textStyle": {
                                        "fontSize": "calc(0.9 * (1.0vmin + 1.0vmax))"
                                      }
                                    },
                                    "type": "ia.display.label"
                                  }
                                ],
                                "meta": {
                                  "name": "FlexContainer"
                                },
                                "position": {
                                  "basis": "110px"
                                },
                                "type": "ia.container.flex"
                              }
                            ],
                            "meta": {
                              "name": "switch"
                            },
                            "position": {
                              "basis": "200px"
                            },
                            "type": "ia.container.flex"
                          }
                        ],
                        "meta": {
                          "name": "Plug1"
                        },
                        "position": {
                          "basis": 154,
                          "grow": 1
                        },
                        "props": {
                          "direction": "column"
                        },
                        "type": "ia.container.flex"
                      },
                      {
                        "children": [
                          {
                            "children": [
                              {
                                "meta": {
                                  "name": "Label"
                                },
                                "position": {
                                  "basis": "232px"
                                },
                                "props": {
                                  "text": "Plug 2",
                                  "textStyle": {
                                    "color": "#800080",
                                    "fontFamily": "Helvetica",
                                    "fontSize": "calc(1.1 * (1.0vmin + 1.0vmax))",
                                    "fontWeight": "bold",
                                    "marginLeft": 45
                                  }
                                },
                                "type": "ia.display.label"
                              }
                            ],
                            "meta": {
                              "name": "FlexContainer"
                            },
                            "position": {
                              "basis": "94px"
                            },
                            "type": "ia.container.flex"
                          },
                          {
                            "children": [
                              {
                                "meta": {
                                  "name": "Plug2_ON"
                                },
                                "position": {
                                  "basis": "48px"
                                },
                                "propConfig": {
                                  "meta.visible": {
                                    "binding": {
                                      "config": {
                                        "fallbackDelay": 2.5,
                                        "mode": "direct",
                                        "tagPath": "[MQTT Engine]Edge Nodes/My Devices/Node-Red/Sparkplug Device/house/bedroom/plug2.value"
                                      },
                                      "transforms": [
                                        {
                                          "fallback": null,
                                          "inputType": "expression",
                                          "mappings": [
                                            {
                                              "input": "true",
                                              "output": true
                                            },
                                            {
                                              "input": "false",
                                              "output": false
                                            }
                                          ],
                                          "outputType": "scalar",
                                          "type": "map"
                                        }
                                      ],
                                      "type": "tag"
                                    }
                                  }
                                },
                                "props": {
                                  "color": "#000000",
                                  "path": "material/power",
                                  "style": {
                                    "marginLeft": 35
                                  }
                                },
                                "type": "ia.display.icon"
                              },
                              {
                                "meta": {
                                  "name": "Plug2_OFF"
                                },
                                "position": {
                                  "basis": "47px"
                                },
                                "propConfig": {
                                  "meta.visible": {
                                    "binding": {
                                      "config": {
                                        "fallbackDelay": 2.5,
                                        "mode": "direct",
                                        "tagPath": "[MQTT Engine]Edge Nodes/My Devices/Node-Red/Sparkplug Device/house/bedroom/plug2.value"
                                      },
                                      "transforms": [
                                        {
                                          "fallback": null,
                                          "inputType": "expression",
                                          "mappings": [
                                            {
                                              "input": "true",
                                              "output": false
                                            },
                                            {
                                              "input": "false",
                                              "output": true
                                            }
                                          ],
                                          "outputType": "scalar",
                                          "type": "map"
                                        }
                                      ],
                                      "type": "tag"
                                    }
                                  }
                                },
                                "props": {
                                  "color": "#000000",
                                  "path": "material/power_off"
                                },
                                "type": "ia.display.icon"
                              }
                            ],
                            "meta": {
                              "name": "FlexContainer_0"
                            },
                            "position": {
                              "basis": "84px"
                            },
                            "type": "ia.container.flex"
                          },
                          {
                            "children": [
                              {
                                "children": [
                                  {
                                    "events": {
                                      "component": {
                                        "onActionPerformed": {
                                          "config": {
                                            "script": "\tsystem.cirruslink.engine.publish(\"Chariot\n\tSCADA\",\"house/livingroom/bulb1\",str(\n\t\"toggle\").encode(),0,0)"
                                          },
                                          "scope": "G",
                                          "type": "script"
                                        }
                                      }
                                    },
                                    "meta": {
                                      "name": "ToggleSwitch"
                                    },
                                    "position": {
                                      "basis": "70px"
                                    },
                                    "propConfig": {
                                      "props.selected": {
                                        "binding": {
                                          "config": {
                                            "bidirectional": true,
                                            "fallbackDelay": 2.5,
                                            "mode": "direct",
                                            "tagPath": "[MQTT Engine]Edge Nodes/My Devices/Node-Red/Sparkplug Device/house/bedroom/plug2.value"
                                          },
                                          "type": "tag"
                                        }
                                      }
                                    },
                                    "props": {
                                      "color": {
                                        "selected": "#FF47FF",
                                        "unselected": "#800080"
                                      },
                                      "label": {
                                        "text": null
                                      },
                                      "style": {
                                        "marginTop": 23
                                      }
                                    },
                                    "type": "ia.input.toggle-switch"
                                  },
                                  {
                                    "meta": {
                                      "name": "Label"
                                    },
                                    "position": {
                                      "basis": "50px"
                                    },
                                    "propConfig": {
                                      "props.text": {
                                        "binding": {
                                          "config": {
                                            "fallbackDelay": 2.5,
                                            "mode": "direct",
                                            "tagPath": "[MQTT Engine]Edge Nodes/My Devices/Node-Red/Sparkplug Device/house/bedroom/plug2.value"
                                          },
                                          "transforms": [
                                            {
                                              "fallback": null,
                                              "inputType": "expression",
                                              "mappings": [
                                                {
                                                  "input": "true",
                                                  "output": "ON"
                                                },
                                                {
                                                  "input": "false",
                                                  "output": "OFF"
                                                }
                                              ],
                                              "outputType": "scalar",
                                              "type": "map"
                                            }
                                          ],
                                          "type": "tag"
                                        }
                                      }
                                    },
                                    "props": {
                                      "textStyle": {
                                        "fontSize": "calc(0.9 * (1.0vmin + 1.0vmax))"
                                      }
                                    },
                                    "type": "ia.display.label"
                                  }
                                ],
                                "meta": {
                                  "name": "FlexContainer"
                                },
                                "position": {
                                  "basis": "110px"
                                },
                                "type": "ia.container.flex"
                              }
                            ],
                            "meta": {
                              "name": "switch"
                            },
                            "position": {
                              "basis": "200px"
                            },
                            "type": "ia.container.flex"
                          }
                        ],
                        "meta": {
                          "name": "Plug2"
                        },
                        "position": {
                          "basis": "154px"
                        },
                        "props": {
                          "direction": "column",
                          "style": {
                            "borderLeftStyle": "solid"
                          }
                        },
                        "type": "ia.container.flex"
                      }
                    ],
                    "meta": {
                      "name": "Plugs"
                    },
                    "position": {
                      "basis": 308
                    },
                    "props": {
                      "style": {
                        "backgroundColor": "#D5D5D5",
                        "borderBottomLeftRadius": 15,
                        "borderBottomRightRadius": 15,
                        "borderStyle": "solid",
                        "borderTopLeftRadius": 15,
                        "borderTopRightRadius": 15,
                        "marginLeft": 20,
                        "marginTop": 15
                      }
                    },
                    "type": "ia.container.flex"
                  }
                ],
                "meta": {
                  "name": "Plugs"
                },
                "position": {
                  "basis": "221px"
                },
                "type": "ia.container.flex"
              }
            ],
            "meta": {
              "name": "FlexContainer"
            },
            "position": {
              "basis": "304px"
            },
            "props": {
              "direction": "column"
            },
            "type": "ia.container.flex"
          }
        ],
        "meta": {
          "name": "FlexContainer"
        },
        "position": {
          "basis": 1000
        },
        "type": "ia.container.flex"
      }
    ],
    "meta": {
      "name": "root"
    },
    "type": "ia.container.flex"
  }
}