{
  "custom": {},
  "params": {},
  "props": {},
  "root": {
    "children": [
      {
        "children": [
          {
            "meta": {
              "name": "Label"
            },
            "position": {
              "basis": "413px"
            },
            "props": {
              "text": "Devices history",
              "textStyle": {
                "color": "#AC00AC",
                "fontSize": "calc(1 * (1.0vmin + 1.0vmax))"
              }
            },
            "type": "ia.display.label"
          }
        ],
        "meta": {
          "name": "FlexContainer"
        },
        "position": {
          "basis": 50
        },
        "props": {
          "style": {
            "backgroundColor": "#F5F5F5F5"
          }
        },
        "type": "ia.container.flex"
      },
      {
        "meta": {
          "name": "PowerChart"
        },
        "position": {
          "basis": "600px"
        },
        "props": {
          "config": {
            "rangeEndDate": {
              "$": [
                "ts",
                0,
                1683482325641
              ],
              "$ts": 1683482229449
            },
            "rangeStartDate": {
              "$": [
                "ts",
                0,
                1683482325641
              ],
              "$ts": 1683453525449
            }
          },
          "interaction": {
            "chartZoomLevel": 1,
            "rangeZoomLevel": 1
          },
          "pens": [
            {
              "axis": "",
              "data": {
                "aggregateMode": "default",
                "source": "histprov:PostgreSQL:/drv:ignition-desktop-7925jp6:mqtt engine:/tag:edge nodes/my devices/node-red/sparkplug device/house/bathroom/bulb1"
              },
              "display": {
                "breakLine": true,
                "interpolation": "curveLinear",
                "radius": 3,
                "styles": {
                  "highlighted": {
                    "fill": {
                      "color": "#63BEA2",
                      "opacity": 1
                    },
                    "stroke": {
                      "color": "#63BEA2",
                      "dashArray": 0,
                      "opacity": 1,
                      "width": 1
                    }
                  },
                  "muted": {
                    "fill": {
                      "color": "#63BEA2",
                      "opacity": 0.4
                    },
                    "stroke": {
                      "color": "#63BEA2",
                      "dashArray": 0,
                      "opacity": 0.4,
                      "width": 1
                    }
                  },
                  "normal": {
                    "fill": {
                      "color": "#63BEA2",
                      "opacity": 0.8
                    },
                    "stroke": {
                      "color": "#63BEA2",
                      "dashArray": 0,
                      "opacity": 0.8,
                      "width": 1
                    }
                  },
                  "selected": {
                    "fill": {
                      "color": "#63BEA2",
                      "opacity": 1
                    },
                    "stroke": {
                      "color": "#63BEA2",
                      "dashArray": 0,
                      "opacity": 1,
                      "width": 1
                    }
                  }
                },
                "type": "line"
              },
              "enabled": true,
              "name": "bulb1",
              "plot": 0,
              "selectable": true,
              "visible": true
            },
            {
              "axis": "",
              "data": {
                "aggregateMode": "default",
                "source": "histprov:PostgreSQL:/drv:ignition-desktop-7925jp6:mqtt engine:/tag:edge nodes/my devices/node-red/sparkplug device/house/bathroom/washingmashine"
              },
              "display": {
                "breakLine": true,
                "interpolation": "curveLinear",
                "radius": 3,
                "styles": {
                  "highlighted": {
                    "fill": {
                      "color": "#FC8D62",
                      "opacity": 1
                    },
                    "stroke": {
                      "color": "#FC8D62",
                      "dashArray": 0,
                      "opacity": 1,
                      "width": 1
                    }
                  },
                  "muted": {
                    "fill": {
                      "color": "#FC8D62",
                      "opacity": 0.4
                    },
                    "stroke": {
                      "color": "#FC8D62",
                      "dashArray": 0,
                      "opacity": 0.4,
                      "width": 1
                    }
                  },
                  "normal": {
                    "fill": {
                      "color": "#FC8D62",
                      "opacity": 0.8
                    },
                    "stroke": {
                      "color": "#FC8D62",
                      "dashArray": 0,
                      "opacity": 0.8,
                      "width": 1
                    }
                  },
                  "selected": {
                    "fill": {
                      "color": "#FC8D62",
                      "opacity": 1
                    },
                    "stroke": {
                      "color": "#FC8D62",
                      "dashArray": 0,
                      "opacity": 1,
                      "width": 1
                    }
                  }
                },
                "type": "line"
              },
              "enabled": true,
              "name": "washingmashine",
              "plot": 0,
              "selectable": true,
              "visible": true
            },
            {
              "axis": "",
              "data": {
                "aggregateMode": "default",
                "source": "histprov:PostgreSQL:/drv:ignition-desktop-7925jp6:mqtt engine:/tag:edge nodes/my devices/node-red/sparkplug device/house/bathroom/plug1"
              },
              "display": {
                "breakLine": true,
                "interpolation": "curveLinear",
                "radius": 3,
                "styles": {
                  "highlighted": {
                    "fill": {
                      "color": "#8DA0CB",
                      "opacity": 1
                    },
                    "stroke": {
                      "color": "#8DA0CB",
                      "dashArray": 0,
                      "opacity": 1,
                      "width": 1
                    }
                  },
                  "muted": {
                    "fill": {
                      "color": "#8DA0CB",
                      "opacity": 0.4
                    },
                    "stroke": {
                      "color": "#8DA0CB",
                      "dashArray": 0,
                      "opacity": 0.4,
                      "width": 1
                    }
                  },
                  "normal": {
                    "fill": {
                      "color": "#8DA0CB",
                      "opacity": 0.8
                    },
                    "stroke": {
                      "color": "#8DA0CB",
                      "dashArray": 0,
                      "opacity": 0.8,
                      "width": 1
                    }
                  },
                  "selected": {
                    "fill": {
                      "color": "#8DA0CB",
                      "opacity": 1
                    },
                    "stroke": {
                      "color": "#8DA0CB",
                      "dashArray": 0,
                      "opacity": 1,
                      "width": 1
                    }
                  }
                },
                "type": "line"
              },
              "enabled": true,
              "name": "plug1",
              "plot": 0,
              "selectable": true,
              "visible": true
            },
            {
              "axis": "",
              "data": {
                "aggregateMode": "default",
                "source": "histprov:PostgreSQL:/drv:ignition-desktop-7925jp6:mqtt engine:/tag:edge nodes/my devices/node-red/sparkplug device/house/bathroom/waterheater"
              },
              "display": {
                "breakLine": true,
                "interpolation": "curveLinear",
                "radius": 3,
                "styles": {
                  "highlighted": {
                    "fill": {
                      "color": "#E78AC3",
                      "opacity": 1
                    },
                    "stroke": {
                      "color": "#E78AC3",
                      "dashArray": 0,
                      "opacity": 1,
                      "width": 1
                    }
                  },
                  "muted": {
                    "fill": {
                      "color": "#E78AC3",
                      "opacity": 0.4
                    },
                    "stroke": {
                      "color": "#E78AC3",
                      "dashArray": 0,
                      "opacity": 0.4,
                      "width": 1
                    }
                  },
                  "normal": {
                    "fill": {
                      "color": "#E78AC3",
                      "opacity": 0.8
                    },
                    "stroke": {
                      "color": "#E78AC3",
                      "dashArray": 0,
                      "opacity": 0.8,
                      "width": 1
                    }
                  },
                  "selected": {
                    "fill": {
                      "color": "#E78AC3",
                      "opacity": 1
                    },
                    "stroke": {
                      "color": "#E78AC3",
                      "dashArray": 0,
                      "opacity": 1,
                      "width": 1
                    }
                  }
                },
                "type": "line"
              },
              "enabled": true,
              "name": "waterheater",
              "plot": 0,
              "selectable": true,
              "visible": true
            }
          ]
        },
        "type": "ia.chart.powerchart"
      }
    ],
    "meta": {
      "name": "root"
    },
    "props": {
      "direction": "column"
    },
    "type": "ia.container.flex"
  }
}