{
  "custom": {},
  "params": {},
  "props": {
    "defaultSize": {
      "height": 916,
      "width": 1260
    }
  },
  "root": {
    "children": [
      {
        "children": [
          {
            "meta": {
              "name": "Bathroom"
            },
            "position": {
              "basis": "438px"
            },
            "props": {
              "fit": {
                "mode": "fill"
              },
              "source": "/system/images/Bathroom.jpg",
              "style": {
                "marginLeft": 15
              }
            },
            "type": "ia.display.image"
          }
        ],
        "meta": {
          "name": "FlexContainer"
        },
        "position": {
          "basis": "468px"
        },
        "type": "ia.container.flex"
      },
      {
        "children": [
          {
            "children": [
              {
                "children": [
                  {
                    "children": [
                      {
                        "children": [
                          {
                            "children": [
                              {
                                "meta": {
                                  "name": "Label"
                                },
                                "position": {
                                  "basis": "232px"
                                },
                                "props": {
                                  "text": "Water heater",
                                  "textStyle": {
                                    "color": "#800080",
                                    "fontFamily": "Helvetica",
                                    "fontSize": "calc(1.1 * (1.0vmin + 1.0vmax))",
                                    "fontWeight": "bold",
                                    "marginLeft": 45
                                  }
                                },
                                "type": "ia.display.label"
                              }
                            ],
                            "meta": {
                              "name": "FlexContainer"
                            },
                            "position": {
                              "basis": "69px"
                            },
                            "props": {
                              "style": {
                                "marginLeft": 10
                              }
                            },
                            "type": "ia.container.flex"
                          },
                          {
                            "children": [
                              {
                                "children": [
                                  {
                                    "meta": {
                                      "name": "WaterHeater"
                                    },
                                    "position": {
                                      "basis": "100px"
                                    },
                                    "props": {
                                      "fit": {
                                        "mode": "contain"
                                      },
                                      "source": "/system/images/WaterHeater.png"
                                    },
                                    "type": "ia.display.image"
                                  }
                                ],
                                "meta": {
                                  "name": "FlexContainer"
                                },
                                "position": {
                                  "basis": "107px"
                                },
                                "type": "ia.container.flex"
                              },
                              {
                                "children": [
                                  {
                                    "children": [
                                      {
                                        "children": [
                                          {
                                            "meta": {
                                              "name": "ToggleSwitch"
                                            },
                                            "position": {
                                              "basis": "70px"
                                            },
                                            "propConfig": {
                                              "props.selected": {
                                                "binding": {
                                                  "config": {
                                                    "bidirectional": true,
                                                    "fallbackDelay": 2.5,
                                                    "mode": "direct",
                                                    "tagPath": "[MQTT Engine]Edge Nodes/My Devices/Node-Red/Sparkplug Device/house/bathroom/waterheater.value"
                                                  },
                                                  "type": "tag"
                                                }
                                              }
                                            },
                                            "props": {
                                              "color": {
                                                "selected": "#FF47FF",
                                                "unselected": "#800080"
                                              },
                                              "label": {
                                                "text": null
                                              },
                                              "style": {
                                                "marginTop": 18
                                              }
                                            },
                                            "type": "ia.input.toggle-switch"
                                          }
                                        ],
                                        "meta": {
                                          "name": "FlexContainer"
                                        },
                                        "position": {
                                          "basis": "78px"
                                        },
                                        "type": "ia.container.flex"
                                      },
                                      {
                                        "meta": {
                                          "name": "Label"
                                        },
                                        "position": {
                                          "basis": "50px"
                                        },
                                        "propConfig": {
                                          "props.text": {
                                            "binding": {
                                              "config": {
                                                "fallbackDelay": 2.5,
                                                "mode": "direct",
                                                "tagPath": "[MQTT Engine]Edge Nodes/My Devices/Node-Red/Sparkplug Device/house/bathroom/waterheater.value"
                                              },
                                              "transforms": [
                                                {
                                                  "fallback": null,
                                                  "inputType": "expression",
                                                  "mappings": [
                                                    {
                                                      "input": "true",
                                                      "output": "ON"
                                                    },
                                                    {
                                                      "input": "false",
                                                      "output": "OFF"
                                                    }
                                                  ],
                                                  "outputType": "scalar",
                                                  "type": "map"
                                                }
                                              ],
                                              "type": "tag"
                                            }
                                          }
                                        },
                                        "props": {
                                          "style": {
                                            "fontSize": "calc(0.9 * (1.0vmin + 1.0vmax))",
                                            "marginLeft": -20,
                                            "marginTop": 15
                                          }
                                        },
                                        "type": "ia.display.label"
                                      }
                                    ],
                                    "meta": {
                                      "name": "FlexContainer"
                                    },
                                    "position": {
                                      "basis": 201
                                    },
                                    "type": "ia.container.flex"
                                  }
                                ],
                                "meta": {
                                  "name": "Power"
                                },
                                "position": {
                                  "basis": "94px"
                                },
                                "props": {
                                  "direction": "column"
                                },
                                "type": "ia.container.flex"
                              }
                            ],
                            "meta": {
                              "name": "FlexContainer_0"
                            },
                            "position": {
                              "basis": "200px",
                              "grow": 1
                            },
                            "type": "ia.container.flex"
                          }
                        ],
                        "meta": {
                          "name": "WaterHeater"
                        },
                        "position": {
                          "basis": "200px"
                        },
                        "props": {
                          "direction": "column"
                        },
                        "type": "ia.container.flex"
                      },
                      {
                        "children": [
                          {
                            "children": [
                              {
                                "meta": {
                                  "name": "Label"
                                },
                                "position": {
                                  "basis": "232px"
                                },
                                "props": {
                                  "text": "Washing machine",
                                  "textStyle": {
                                    "color": "#800080",
                                    "fontFamily": "Helvetica",
                                    "fontSize": "calc(1.1 * (1.0vmin + 1.0vmax))",
                                    "fontWeight": "bold",
                                    "marginLeft": 24
                                  }
                                },
                                "type": "ia.display.label"
                              }
                            ],
                            "meta": {
                              "name": "FlexContainer"
                            },
                            "position": {
                              "basis": 120
                            },
                            "type": "ia.container.flex"
                          },
                          {
                            "children": [
                              {
                                "children": [
                                  {
                                    "meta": {
                                      "name": "household-washing-machine-icon-13"
                                    },
                                    "position": {
                                      "basis": "113.8px"
                                    },
                                    "props": {
                                      "fit": {
                                        "mode": "contain"
                                      },
                                      "source": "/system/images/household-washing-machine-icon-13.png"
                                    },
                                    "type": "ia.display.image"
                                  }
                                ],
                                "meta": {
                                  "name": "FlexContainer"
                                },
                                "position": {
                                  "basis": "135px"
                                },
                                "type": "ia.container.flex"
                              },
                              {
                                "meta": {
                                  "name": "ToggleSwitch"
                                },
                                "position": {
                                  "basis": "70px"
                                },
                                "propConfig": {
                                  "props.selected": {
                                    "binding": {
                                      "config": {
                                        "bidirectional": true,
                                        "fallbackDelay": 2.5,
                                        "mode": "direct",
                                        "tagPath": "[MQTT Engine]Edge Nodes/My Devices/Node-Red/Sparkplug Device/house/bathroom/washingmashine.value"
                                      },
                                      "type": "tag"
                                    }
                                  }
                                },
                                "props": {
                                  "color": {
                                    "selected": "#FF47FF",
                                    "unselected": "#800080"
                                  },
                                  "label": {
                                    "text": null
                                  },
                                  "style": {
                                    "marginTop": 23
                                  }
                                },
                                "type": "ia.input.toggle-switch"
                              },
                              {
                                "meta": {
                                  "name": "Label"
                                },
                                "position": {
                                  "basis": "50px"
                                },
                                "propConfig": {
                                  "props.text": {
                                    "binding": {
                                      "config": {
                                        "fallbackDelay": 2.5,
                                        "mode": "direct",
                                        "tagPath": "[MQTT Engine]Edge Nodes/My Devices/Node-Red/Sparkplug Device/house/bathroom/washingmashine.value"
                                      },
                                      "transforms": [
                                        {
                                          "fallback": null,
                                          "inputType": "expression",
                                          "mappings": [
                                            {
                                              "input": "true",
                                              "output": "ON"
                                            },
                                            {
                                              "input": "false",
                                              "output": "OFF"
                                            }
                                          ],
                                          "outputType": "scalar",
                                          "type": "map"
                                        }
                                      ],
                                      "type": "tag"
                                    }
                                  }
                                },
                                "props": {
                                  "textStyle": {
                                    "fontSize": "calc(0.9 * (1.0vmin + 1.0vmax))"
                                  }
                                },
                                "type": "ia.display.label"
                              }
                            ],
                            "meta": {
                              "name": "FlexContainer_0"
                            },
                            "position": {
                              "basis": "200px"
                            },
                            "type": "ia.container.flex"
                          }
                        ],
                        "meta": {
                          "name": "WMashine"
                        },
                        "position": {
                          "basis": "200px",
                          "grow": 1
                        },
                        "props": {
                          "direction": "column",
                          "style": {
                            "borderBottomStyle": "hidden",
                            "borderLeftStyle": "hidden",
                            "borderRightStyle": "hidden",
                            "borderTopStyle": "solid"
                          }
                        },
                        "type": "ia.container.flex"
                      }
                    ],
                    "meta": {
                      "name": "WaterHeaterAndWMashine"
                    },
                    "position": {
                      "basis": "224px"
                    },
                    "props": {
                      "direction": "column",
                      "style": {
                        "backgroundColor": "#D5D5D5",
                        "borderBottomLeftRadius": 15,
                        "borderBottomRightRadius": 15,
                        "borderStyle": "solid",
                        "borderTopLeftRadius": 15,
                        "borderTopRightRadius": 15,
                        "marginBottom": 5,
                        "marginLeft": 25,
                        "marginTop": 5
                      }
                    },
                    "type": "ia.container.flex"
                  }
                ],
                "meta": {
                  "name": "WaterHeaterAndWMashine"
                },
                "position": {
                  "basis": "242px",
                  "grow": 1
                },
                "type": "ia.container.flex"
              }
            ],
            "meta": {
              "name": "WaterHeaterAndWMashine"
            },
            "position": {
              "basis": "373px"
            },
            "type": "ia.container.flex"
          },
          {
            "children": [
              {
                "children": [
                  {
                    "children": [
                      {
                        "children": [
                          {
                            "meta": {
                              "name": "Label"
                            },
                            "position": {
                              "basis": "232px"
                            },
                            "props": {
                              "text": "Bulb 1",
                              "textStyle": {
                                "color": "#800080",
                                "fontFamily": "Helvetica",
                                "fontSize": "calc(1.1 * (1.0vmin + 1.0vmax))",
                                "fontWeight": "bold",
                                "marginLeft": 45
                              }
                            },
                            "type": "ia.display.label"
                          }
                        ],
                        "meta": {
                          "name": "FlexContainer"
                        },
                        "position": {
                          "basis": "94px"
                        },
                        "type": "ia.container.flex"
                      },
                      {
                        "children": [
                          {
                            "meta": {
                              "name": "Icon"
                            },
                            "position": {
                              "basis": "78px"
                            },
                            "propConfig": {
                              "props.color": {
                                "binding": {
                                  "config": {
                                    "fallbackDelay": 2.5,
                                    "mode": "direct",
                                    "tagPath": "[MQTT Engine]Edge Nodes/My Devices/Node-Red/Sparkplug Device/house/bathroom/bulb1.value"
                                  },
                                  "transforms": [
                                    {
                                      "fallback": "#000000",
                                      "inputType": "expression",
                                      "mappings": [
                                        {
                                          "input": "false",
                                          "output": "#000000"
                                        },
                                        {
                                          "input": "true",
                                          "output": "#AC5F00"
                                        }
                                      ],
                                      "outputType": "color",
                                      "type": "map"
                                    }
                                  ],
                                  "type": "tag"
                                }
                              }
                            },
                            "props": {
                              "path": "material/emoji_objects",
                              "style": {
                                "marginLeft": 35
                              }
                            },
                            "type": "ia.display.icon"
                          }
                        ],
                        "meta": {
                          "name": "FlexContainer_0"
                        },
                        "position": {
                          "basis": "84px"
                        },
                        "type": "ia.container.flex"
                      },
                      {
                        "children": [
                          {
                            "children": [
                              {
                                "events": {
                                  "component": {
                                    "onActionPerformed": {
                                      "config": {
                                        "script": "\tsystem.cirruslink.engine.publish(\"Chariot\n\tSCADA\",\"house/livingroom/bulb1\",str(\n\t\"toggle\").encode(),0,0)"
                                      },
                                      "scope": "G",
                                      "type": "script"
                                    }
                                  }
                                },
                                "meta": {
                                  "name": "ToggleSwitch"
                                },
                                "position": {
                                  "basis": "70px"
                                },
                                "propConfig": {
                                  "props.selected": {
                                    "binding": {
                                      "config": {
                                        "bidirectional": true,
                                        "fallbackDelay": 2.5,
                                        "mode": "direct",
                                        "tagPath": "[MQTT Engine]Edge Nodes/My Devices/Node-Red/Sparkplug Device/house/bathroom/bulb1.value"
                                      },
                                      "type": "tag"
                                    }
                                  }
                                },
                                "props": {
                                  "color": {
                                    "selected": "#FF47FF",
                                    "unselected": "#800080"
                                  },
                                  "label": {
                                    "text": null
                                  },
                                  "style": {
                                    "marginTop": 23
                                  }
                                },
                                "type": "ia.input.toggle-switch"
                              },
                              {
                                "meta": {
                                  "name": "Label"
                                },
                                "position": {
                                  "basis": "50px"
                                },
                                "propConfig": {
                                  "props.text": {
                                    "binding": {
                                      "config": {
                                        "fallbackDelay": 2.5,
                                        "mode": "direct",
                                        "tagPath": "[MQTT Engine]Edge Nodes/My Devices/Node-Red/Sparkplug Device/house/bathroom/bulb1.value"
                                      },
                                      "transforms": [
                                        {
                                          "fallback": null,
                                          "inputType": "expression",
                                          "mappings": [
                                            {
                                              "input": "true",
                                              "output": "ON"
                                            },
                                            {
                                              "input": "false",
                                              "output": "OFF"
                                            }
                                          ],
                                          "outputType": "scalar",
                                          "type": "map"
                                        }
                                      ],
                                      "type": "tag"
                                    }
                                  }
                                },
                                "props": {
                                  "textStyle": {
                                    "fontSize": "calc(0.9 * (1.0vmin + 1.0vmax))"
                                  }
                                },
                                "type": "ia.display.label"
                              }
                            ],
                            "meta": {
                              "name": "FlexContainer"
                            },
                            "position": {
                              "basis": "110px"
                            },
                            "type": "ia.container.flex"
                          }
                        ],
                        "meta": {
                          "name": "switch"
                        },
                        "position": {
                          "basis": "200px"
                        },
                        "type": "ia.container.flex"
                      }
                    ],
                    "meta": {
                      "name": "Bulb1"
                    },
                    "position": {
                      "basis": 154
                    },
                    "props": {
                      "direction": "column"
                    },
                    "type": "ia.container.flex"
                  },
                  {
                    "children": [
                      {
                        "children": [
                          {
                            "meta": {
                              "name": "Label"
                            },
                            "position": {
                              "basis": "232px"
                            },
                            "props": {
                              "text": "Plug 1",
                              "textStyle": {
                                "color": "#800080",
                                "fontFamily": "Helvetica",
                                "fontSize": "calc(1.1 * (1.0vmin + 1.0vmax))",
                                "fontWeight": "bold",
                                "marginLeft": 45
                              }
                            },
                            "type": "ia.display.label"
                          }
                        ],
                        "meta": {
                          "name": "FlexContainer"
                        },
                        "position": {
                          "basis": "94px"
                        },
                        "type": "ia.container.flex"
                      },
                      {
                        "children": [
                          {
                            "meta": {
                              "name": "Plug1_ON"
                            },
                            "position": {
                              "basis": "48px"
                            },
                            "propConfig": {
                              "meta.visible": {
                                "binding": {
                                  "config": {
                                    "fallbackDelay": 2.5,
                                    "mode": "direct",
                                    "tagPath": "[MQTT Engine]Edge Nodes/My Devices/Node-Red/Sparkplug Device/house/bathroom/plug1.value"
                                  },
                                  "transforms": [
                                    {
                                      "fallback": null,
                                      "inputType": "expression",
                                      "mappings": [
                                        {
                                          "input": "true",
                                          "output": true
                                        },
                                        {
                                          "input": "false",
                                          "output": false
                                        }
                                      ],
                                      "outputType": "scalar",
                                      "type": "map"
                                    }
                                  ],
                                  "type": "tag"
                                }
                              }
                            },
                            "props": {
                              "color": "#000000",
                              "path": "material/power",
                              "style": {
                                "marginLeft": 35
                              }
                            },
                            "type": "ia.display.icon"
                          },
                          {
                            "meta": {
                              "name": "Plug1_OFF"
                            },
                            "position": {
                              "basis": "50px"
                            },
                            "propConfig": {
                              "meta.visible": {
                                "binding": {
                                  "config": {
                                    "fallbackDelay": 2.5,
                                    "mode": "direct",
                                    "tagPath": "[MQTT Engine]Edge Nodes/My Devices/Node-Red/Sparkplug Device/house/bathroom/plug1.value"
                                  },
                                  "transforms": [
                                    {
                                      "fallback": null,
                                      "inputType": "expression",
                                      "mappings": [
                                        {
                                          "input": "true",
                                          "output": false
                                        },
                                        {
                                          "input": "false",
                                          "output": true
                                        }
                                      ],
                                      "outputType": "scalar",
                                      "type": "map"
                                    }
                                  ],
                                  "type": "tag"
                                }
                              }
                            },
                            "props": {
                              "color": "#000000",
                              "path": "material/power_off"
                            },
                            "type": "ia.display.icon"
                          }
                        ],
                        "meta": {
                          "name": "FlexContainer_0"
                        },
                        "position": {
                          "basis": 84
                        },
                        "type": "ia.container.flex"
                      },
                      {
                        "children": [
                          {
                            "children": [
                              {
                                "events": {
                                  "component": {
                                    "onActionPerformed": {
                                      "config": {
                                        "script": "\tsystem.cirruslink.engine.publish(\"Chariot\n\tSCADA\",\"house/livingroom/bulb1\",str(\n\t\"toggle\").encode(),0,0)"
                                      },
                                      "scope": "G",
                                      "type": "script"
                                    }
                                  }
                                },
                                "meta": {
                                  "name": "ToggleSwitch"
                                },
                                "position": {
                                  "basis": "70px"
                                },
                                "propConfig": {
                                  "props.selected": {
                                    "binding": {
                                      "config": {
                                        "bidirectional": true,
                                        "fallbackDelay": 2.5,
                                        "mode": "direct",
                                        "tagPath": "[MQTT Engine]Edge Nodes/My Devices/Node-Red/Sparkplug Device/house/bathroom/plug1.value"
                                      },
                                      "type": "tag"
                                    }
                                  }
                                },
                                "props": {
                                  "color": {
                                    "selected": "#FF47FF",
                                    "unselected": "#800080"
                                  },
                                  "label": {
                                    "text": null
                                  },
                                  "style": {
                                    "marginTop": 23
                                  }
                                },
                                "type": "ia.input.toggle-switch"
                              },
                              {
                                "meta": {
                                  "name": "Label"
                                },
                                "position": {
                                  "basis": "50px"
                                },
                                "propConfig": {
                                  "props.text": {
                                    "binding": {
                                      "config": {
                                        "fallbackDelay": 2.5,
                                        "mode": "direct",
                                        "tagPath": "[MQTT Engine]Edge Nodes/My Devices/Node-Red/Sparkplug Device/house/bathroom/plug1.value"
                                      },
                                      "transforms": [
                                        {
                                          "fallback": null,
                                          "inputType": "expression",
                                          "mappings": [
                                            {
                                              "input": "true",
                                              "output": "ON"
                                            },
                                            {
                                              "input": "false",
                                              "output": "OFF"
                                            }
                                          ],
                                          "outputType": "scalar",
                                          "type": "map"
                                        }
                                      ],
                                      "type": "tag"
                                    }
                                  }
                                },
                                "props": {
                                  "textStyle": {
                                    "fontSize": "calc(0.9 * (1.0vmin + 1.0vmax))"
                                  }
                                },
                                "type": "ia.display.label"
                              }
                            ],
                            "meta": {
                              "name": "FlexContainer"
                            },
                            "position": {
                              "basis": "110px"
                            },
                            "type": "ia.container.flex"
                          }
                        ],
                        "meta": {
                          "name": "switch"
                        },
                        "position": {
                          "basis": "200px"
                        },
                        "type": "ia.container.flex"
                      }
                    ],
                    "meta": {
                      "name": "Plug1"
                    },
                    "position": {
                      "basis": 154,
                      "grow": 1
                    },
                    "props": {
                      "direction": "column",
                      "style": {
                        "borderLeftStyle": "solid",
                        "borderTopStyle": "none"
                      }
                    },
                    "type": "ia.container.flex"
                  }
                ],
                "meta": {
                  "name": "BulbPlug"
                },
                "position": {
                  "basis": 308
                },
                "props": {
                  "style": {
                    "backgroundColor": "#D5D5D5",
                    "borderBottomLeftRadius": 15,
                    "borderBottomRightRadius": 15,
                    "borderStyle": "solid",
                    "borderTopLeftRadius": 15,
                    "borderTopRightRadius": 15,
                    "marginLeft": 25,
                    "marginTop": 15
                  }
                },
                "type": "ia.container.flex"
              }
            ],
            "meta": {
              "name": "PlugAndBulb"
            },
            "position": {
              "basis": "272px"
            },
            "type": "ia.container.flex"
          }
        ],
        "meta": {
          "name": "FlexContainer_0"
        },
        "position": {
          "basis": "200px",
          "grow": 1
        },
        "props": {
          "direction": "column"
        },
        "type": "ia.container.flex"
      }
    ],
    "meta": {
      "name": "root"
    },
    "type": "ia.container.flex"
  }
}