{
  "custom": {},
  "params": {},
  "props": {},
  "root": {
    "children": [
      {
        "children": [
          {
            "events": {
              "dom": {
                "onClick": {
                  "config": {
                    "page": "/kitch_report"
                  },
                  "scope": "C",
                  "type": "nav"
                }
              }
            },
            "meta": {
              "name": "Kitchen"
            },
            "position": {
              "basis": "123px",
              "shrink": 0
            },
            "props": {
              "image": {
                "icon": {
                  "color": "#D900D9",
                  "path": "material/arrow_forward_ios"
                },
                "style": {
                  "backgroundColor": "#F5F5F5",
                  "fontSize": "calc(0.8 * (1.0vmin + 1.0vmax))"
                }
              },
              "style": {
                "backgroundColor": "#F5F5F5",
                "borderBottomStyle": "solid",
                "borderLeftStyle": "solid",
                "borderRightStyle": "solid",
                "borderTopStyle": "solid"
              },
              "text": "Kitchen",
              "textStyle": {
                "color": "#C429C4",
                "fontSize": "calc(0.8 * (1.0vmin + 1.0vmax))"
              }
            },
            "type": "ia.input.button"
          },
          {
            "children": [
              {
                "events": {
                  "dom": {
                    "onClick": {
                      "config": {
                        "page": "/bedr_report"
                      },
                      "scope": "C",
                      "type": "nav"
                    }
                  }
                },
                "meta": {
                  "name": "Beedrom"
                },
                "position": {
                  "basis": "123px",
                  "shrink": 0
                },
                "props": {
                  "image": {
                    "icon": {
                      "color": "#D900D9",
                      "path": "material/arrow_back_ios"
                    },
                    "style": {
                      "backgroundColor": "#F5F5F5",
                      "fontSize": "calc(0.8 * (1.0vmin + 1.0vmax))"
                    }
                  },
                  "style": {
                    "backgroundColor": "#F5F5F5",
                    "borderBottomStyle": "solid",
                    "borderLeftStyle": "solid",
                    "borderRightStyle": "solid",
                    "borderTopStyle": "solid"
                  },
                  "text": "Bedroom",
                  "textStyle": {
                    "color": "#C429C4",
                    "fontSize": "calc(0.8 * (1.0vmin + 1.0vmax))"
                  }
                },
                "type": "ia.input.button"
              }
            ],
            "meta": {
              "name": "FlexContainer"
            },
            "position": {
              "basis": "677px",
              "grow": 1
            },
            "type": "ia.container.flex"
          }
        ],
        "meta": {
          "name": "FlexContainer"
        },
        "position": {
          "basis": "71px"
        },
        "props": {
          "direction": "row-reverse"
        },
        "type": "ia.container.flex"
      },
      {
        "meta": {
          "name": "ReportViewer"
        },
        "position": {
          "basis": "700px"
        },
        "props": {
          "page": 1,
          "pageCount": 1,
          "source": "Bathroom"
        },
        "type": "ia.reporting.report-viewer"
      }
    ],
    "meta": {
      "name": "root"
    },
    "props": {
      "direction": "column"
    },
    "type": "ia.container.flex"
  }
}