{
  "custom": {},
  "params": {},
  "props": {},
  "root": {
    "children": [
      {
        "children": [
          {
            "meta": {
              "name": "hallway"
            },
            "position": {
              "basis": "319px"
            },
            "props": {
              "fit": {
                "mode": "fill"
              },
              "source": "/system/images/hallway.jpg"
            },
            "type": "ia.display.image"
          }
        ],
        "meta": {
          "name": "FlexContainer"
        },
        "position": {
          "basis": 300
        },
        "type": "ia.container.flex"
      },
      {
        "children": [
          {
            "children": [
              {
                "children": [
                  {
                    "children": [
                      {
                        "meta": {
                          "name": "Label"
                        },
                        "position": {
                          "basis": "232px"
                        },
                        "props": {
                          "text": "Plug 1",
                          "textStyle": {
                            "color": "#800080",
                            "fontFamily": "Helvetica",
                            "fontSize": "calc(0.8 * (1.0vmin + 1.0vmax))",
                            "fontWeight": "bold",
                            "marginLeft": 45
                          }
                        },
                        "type": "ia.display.label"
                      }
                    ],
                    "meta": {
                      "name": "FlexContainer"
                    },
                    "position": {
                      "basis": "94px"
                    },
                    "type": "ia.container.flex"
                  },
                  {
                    "children": [
                      {
                        "children": [
                          {
                            "events": {
                              "component": {
                                "onActionPerformed": {
                                  "config": {
                                    "script": "\tsystem.cirruslink.engine.publish(\"Chariot\n\tSCADA\",\"house/livingroom/bulb1\",str(\n\t\"toggle\").encode(),0,0)"
                                  },
                                  "scope": "G",
                                  "type": "script"
                                }
                              }
                            },
                            "meta": {
                              "name": "ToggleSwitch"
                            },
                            "position": {
                              "basis": "70px"
                            },
                            "propConfig": {
                              "props.selected": {
                                "binding": {
                                  "config": {
                                    "bidirectional": true,
                                    "fallbackDelay": 2.5,
                                    "mode": "direct",
                                    "tagPath": "[MQTT Engine]Edge Nodes/My Devices/Node-Red/Sparkplug Device/house/hallway/plug1.value"
                                  },
                                  "type": "tag"
                                }
                              }
                            },
                            "props": {
                              "color": {
                                "selected": "#FF47FF",
                                "unselected": "#800080"
                              },
                              "label": {
                                "text": null
                              },
                              "style": {
                                "marginTop": -5
                              }
                            },
                            "type": "ia.input.toggle-switch"
                          },
                          {
                            "meta": {
                              "name": "Label"
                            },
                            "position": {
                              "basis": "50px"
                            },
                            "propConfig": {
                              "props.text": {
                                "binding": {
                                  "config": {
                                    "fallbackDelay": 2.5,
                                    "mode": "direct",
                                    "tagPath": "[MQTT Engine]Edge Nodes/My Devices/Node-Red/Sparkplug Device/house/hallway/plug1.value"
                                  },
                                  "transforms": [
                                    {
                                      "fallback": null,
                                      "inputType": "expression",
                                      "mappings": [
                                        {
                                          "input": "true",
                                          "output": "ON"
                                        },
                                        {
                                          "input": "false",
                                          "output": "OFF"
                                        }
                                      ],
                                      "outputType": "scalar",
                                      "type": "map"
                                    }
                                  ],
                                  "type": "tag"
                                }
                              }
                            },
                            "props": {
                              "textStyle": {
                                "fontSize": "calc(0.9 * (1.0vmin + 1.0vmax))"
                              }
                            },
                            "type": "ia.display.label"
                          }
                        ],
                        "meta": {
                          "name": "FlexContainer"
                        },
                        "position": {
                          "basis": "110px"
                        },
                        "type": "ia.container.flex"
                      }
                    ],
                    "meta": {
                      "name": "switch"
                    },
                    "position": {
                      "basis": 80
                    },
                    "type": "ia.container.flex"
                  },
                  {
                    "children": [
                      {
                        "meta": {
                          "name": "Label"
                        },
                        "position": {
                          "basis": "232px"
                        },
                        "props": {
                          "text": "Bulb 1",
                          "textStyle": {
                            "color": "#800080",
                            "fontFamily": "Helvetica",
                            "fontSize": "calc(0.8 * (1.0vmin + 1.0vmax))",
                            "fontWeight": "bold",
                            "marginLeft": 45
                          }
                        },
                        "type": "ia.display.label"
                      }
                    ],
                    "meta": {
                      "name": "FlexContainer_0"
                    },
                    "position": {
                      "basis": "94px"
                    },
                    "type": "ia.container.flex"
                  },
                  {
                    "children": [
                      {
                        "children": [
                          {
                            "events": {
                              "component": {
                                "onActionPerformed": {
                                  "config": {
                                    "script": "\tsystem.cirruslink.engine.publish(\"Chariot\n\tSCADA\",\"house/livingroom/bulb1\",str(\n\t\"toggle\").encode(),0,0)"
                                  },
                                  "scope": "G",
                                  "type": "script"
                                }
                              }
                            },
                            "meta": {
                              "name": "ToggleSwitch"
                            },
                            "position": {
                              "basis": "70px"
                            },
                            "propConfig": {
                              "props.selected": {
                                "binding": {
                                  "config": {
                                    "bidirectional": true,
                                    "fallbackDelay": 2.5,
                                    "mode": "direct",
                                    "tagPath": "[MQTT Engine]Edge Nodes/My Devices/Node-Red/Sparkplug Device/house/hallway/bulb1.value"
                                  },
                                  "type": "tag"
                                }
                              }
                            },
                            "props": {
                              "color": {
                                "selected": "#FF47FF",
                                "unselected": "#800080"
                              },
                              "label": {
                                "text": null
                              },
                              "style": {
                                "marginTop": -5
                              }
                            },
                            "type": "ia.input.toggle-switch"
                          },
                          {
                            "meta": {
                              "name": "Label"
                            },
                            "position": {
                              "basis": "50px"
                            },
                            "propConfig": {
                              "props.text": {
                                "binding": {
                                  "config": {
                                    "fallbackDelay": 2.5,
                                    "mode": "direct",
                                    "tagPath": "[MQTT Engine]Edge Nodes/My Devices/Node-Red/Sparkplug Device/house/hallway/bulb1.value"
                                  },
                                  "transforms": [
                                    {
                                      "fallback": null,
                                      "inputType": "expression",
                                      "mappings": [
                                        {
                                          "input": "true",
                                          "output": "ON"
                                        },
                                        {
                                          "input": "false",
                                          "output": "OFF"
                                        }
                                      ],
                                      "outputType": "scalar",
                                      "type": "map"
                                    }
                                  ],
                                  "type": "tag"
                                }
                              }
                            },
                            "props": {
                              "textStyle": {
                                "fontSize": "calc(0.9 * (1.0vmin + 1.0vmax))"
                              }
                            },
                            "type": "ia.display.label"
                          }
                        ],
                        "meta": {
                          "name": "FlexContainer"
                        },
                        "position": {
                          "basis": "110px"
                        },
                        "type": "ia.container.flex"
                      }
                    ],
                    "meta": {
                      "name": "switch_0"
                    },
                    "position": {
                      "basis": 80
                    },
                    "type": "ia.container.flex"
                  },
                  {
                    "children": [
                      {
                        "meta": {
                          "name": "Label"
                        },
                        "position": {
                          "basis": "232px"
                        },
                        "props": {
                          "text": "Door",
                          "textStyle": {
                            "color": "#800080",
                            "fontFamily": "Helvetica",
                            "fontSize": "calc(0.8 * (1.0vmin + 1.0vmax))",
                            "fontWeight": "bold",
                            "marginLeft": 45
                          }
                        },
                        "type": "ia.display.label"
                      }
                    ],
                    "meta": {
                      "name": "FlexContainer_1"
                    },
                    "position": {
                      "basis": 50
                    },
                    "type": "ia.container.flex"
                  },
                  {
                    "children": [
                      {
                        "children": [
                          {
                            "events": {
                              "component": {
                                "onActionPerformed": {
                                  "config": {
                                    "script": "\tsystem.cirruslink.engine.publish(\"Chariot\n\tSCADA\",\"house/livingroom/bulb1\",str(\n\t\"toggle\").encode(),0,0)"
                                  },
                                  "scope": "G",
                                  "type": "script"
                                }
                              }
                            },
                            "meta": {
                              "name": "ToggleSwitch"
                            },
                            "position": {
                              "basis": "70px"
                            },
                            "propConfig": {
                              "props.selected": {
                                "binding": {
                                  "config": {
                                    "bidirectional": true,
                                    "fallbackDelay": 2.5,
                                    "mode": "direct",
                                    "tagPath": "[MQTT Engine]Edge Nodes/My Devices/Node-Red/Sparkplug Device/house/hallway/door.value"
                                  },
                                  "type": "tag"
                                }
                              }
                            },
                            "props": {
                              "color": {
                                "selected": "#FF47FF",
                                "unselected": "#800080"
                              },
                              "label": {
                                "text": null
                              },
                              "style": {
                                "marginTop": -5
                              }
                            },
                            "type": "ia.input.toggle-switch"
                          },
                          {
                            "meta": {
                              "name": "Label"
                            },
                            "position": {
                              "basis": "50px"
                            },
                            "propConfig": {
                              "props.text": {
                                "binding": {
                                  "config": {
                                    "fallbackDelay": 2.5,
                                    "mode": "direct",
                                    "tagPath": "[MQTT Engine]Edge Nodes/My Devices/Node-Red/Sparkplug Device/house/hallway/door.value"
                                  },
                                  "transforms": [
                                    {
                                      "fallback": null,
                                      "inputType": "expression",
                                      "mappings": [
                                        {
                                          "input": "true",
                                          "output": "UNLOCKED"
                                        },
                                        {
                                          "input": "false",
                                          "output": "LOCKED"
                                        }
                                      ],
                                      "outputType": "scalar",
                                      "type": "map"
                                    }
                                  ],
                                  "type": "tag"
                                }
                              }
                            },
                            "props": {
                              "textStyle": {
                                "fontSize": "calc(0.9 * (1.0vmin + 1.0vmax))"
                              }
                            },
                            "type": "ia.display.label"
                          }
                        ],
                        "meta": {
                          "name": "FlexContainer"
                        },
                        "position": {
                          "basis": "110px"
                        },
                        "type": "ia.container.flex"
                      }
                    ],
                    "meta": {
                      "name": "switch_1"
                    },
                    "position": {
                      "basis": 100
                    },
                    "type": "ia.container.flex"
                  }
                ],
                "meta": {
                  "name": "Plugs"
                },
                "position": {
                  "basis": 154,
                  "grow": 1
                },
                "props": {
                  "direction": "column",
                  "style": {
                    "borderLeftStyle": "none",
                    "borderTopStyle": "none"
                  }
                },
                "type": "ia.container.flex"
              }
            ],
            "meta": {
              "name": "Bulbs"
            },
            "position": {
              "basis": 150
            },
            "props": {
              "style": {
                "backgroundColor": "#D5D5D5",
                "borderBottomLeftRadius": 15,
                "borderBottomRightRadius": 15,
                "borderStyle": "solid",
                "borderTopLeftRadius": 15,
                "borderTopRightRadius": 15,
                "marginLeft": 50,
                "marginTop": 15
              }
            },
            "type": "ia.container.flex"
          }
        ],
        "meta": {
          "name": "FlexContainer_0"
        },
        "position": {
          "basis": "200px"
        },
        "type": "ia.container.flex"
      }
    ],
    "meta": {
      "name": "root"
    },
    "props": {
      "direction": "column"
    },
    "type": "ia.container.flex"
  }
}