{
  "custom": {},
  "params": {},
  "props": {
    "defaultSize": {
      "width": 1005
    }
  },
  "root": {
    "children": [
      {
        "children": [
          {
            "meta": {
              "name": "living room"
            },
            "position": {
              "basis": "739px"
            },
            "props": {
              "fit": {
                "mode": "contain"
              },
              "source": "/system/images/living room.jpg",
              "style": {
                "marginLeft": -100
              }
            },
            "type": "ia.display.image"
          },
          {
            "children": [
              {
                "children": [
                  {
                    "children": [
                      {
                        "meta": {
                          "name": "Label"
                        },
                        "position": {
                          "basis": "232px"
                        },
                        "props": {
                          "text": "Air conditioner",
                          "textStyle": {
                            "color": "#800080",
                            "fontFamily": "Helvetica",
                            "fontSize": "calc(1.1 * (1.0vmin + 1.0vmax))",
                            "fontWeight": "bold",
                            "marginLeft": 45
                          }
                        },
                        "type": "ia.display.label"
                      }
                    ],
                    "meta": {
                      "name": "FlexContainer"
                    },
                    "position": {
                      "basis": "69px"
                    },
                    "props": {
                      "style": {
                        "marginLeft": 10
                      }
                    },
                    "type": "ia.container.flex"
                  },
                  {
                    "children": [
                      {
                        "children": [
                          {
                            "meta": {
                              "name": "airc"
                            },
                            "position": {
                              "basis": "81px"
                            },
                            "props": {
                              "fit": {
                                "mode": "contain"
                              },
                              "source": "/system/images/airc.png",
                              "style": {
                                "marginLeft": 15
                              }
                            },
                            "type": "ia.display.image"
                          }
                        ],
                        "meta": {
                          "name": "FlexContainer"
                        },
                        "position": {
                          "basis": "107px"
                        },
                        "type": "ia.container.flex"
                      },
                      {
                        "children": [
                          {
                            "children": [
                              {
                                "children": [
                                  {
                                    "meta": {
                                      "name": "ToggleSwitch",
                                      "tooltip": {
                                        "width": "calc(1.1 * (1.0vmin + 1.0vmax))"
                                      }
                                    },
                                    "position": {
                                      "basis": "44px"
                                    },
                                    "propConfig": {
                                      "props.selected": {
                                        "binding": {
                                          "config": {
                                            "bidirectional": true,
                                            "fallbackDelay": 2.5,
                                            "mode": "direct",
                                            "tagPath": "[MQTT Engine]Edge Nodes/My Devices/Node-Red/Sparkplug Device/house/livingroom/aircond/power.value"
                                          },
                                          "type": "tag"
                                        }
                                      }
                                    },
                                    "props": {
                                      "color": {
                                        "selected": "#FF47FF",
                                        "unselected": "#800080"
                                      },
                                      "label": {
                                        "text": null
                                      },
                                      "style": {
                                        "fontSize": "calc(1.1 * (1.0vmin + 1.0vmax))",
                                        "marginTop": 0
                                      }
                                    },
                                    "type": "ia.input.toggle-switch"
                                  }
                                ],
                                "meta": {
                                  "name": "FlexContainer"
                                },
                                "position": {
                                  "basis": "78px"
                                },
                                "type": "ia.container.flex"
                              },
                              {
                                "meta": {
                                  "name": "Label"
                                },
                                "position": {
                                  "basis": "50px"
                                },
                                "propConfig": {
                                  "props.text": {
                                    "binding": {
                                      "config": {
                                        "fallbackDelay": 2.5,
                                        "mode": "direct",
                                        "tagPath": "[MQTT Engine]Edge Nodes/My Devices/Node-Red/Sparkplug Device/house/livingroom/aircond/power.value"
                                      },
                                      "transforms": [
                                        {
                                          "fallback": null,
                                          "inputType": "expression",
                                          "mappings": [
                                            {
                                              "input": "true",
                                              "output": "ON"
                                            },
                                            {
                                              "input": "false",
                                              "output": "OFF"
                                            }
                                          ],
                                          "outputType": "scalar",
                                          "type": "map"
                                        }
                                      ],
                                      "type": "tag"
                                    }
                                  }
                                },
                                "props": {
                                  "style": {
                                    "marginLeft": 0,
                                    "marginTop": 15
                                  },
                                  "textStyle": {
                                    "fontSize": "calc(0.9 * (1.0vmin + 1.0vmax))"
                                  }
                                },
                                "type": "ia.display.label"
                              }
                            ],
                            "meta": {
                              "name": "FlexContainer"
                            },
                            "position": {
                              "basis": 201
                            },
                            "type": "ia.container.flex"
                          },
                          {
                            "children": [
                              {
                                "meta": {
                                  "name": "Icon"
                                },
                                "position": {
                                  "basis": "calc(1.1 * (1.0vmin + 1.0vmax))"
                                },
                                "propConfig": {
                                  "props.color": {
                                    "binding": {
                                      "config": {
                                        "fallbackDelay": 2.5,
                                        "mode": "direct",
                                        "tagPath": "[MQTT Engine]Edge Nodes/My Devices/Node-Red/Sparkplug Device/house/livingroom/aircond/mode"
                                      },
                                      "transforms": [
                                        {
                                          "fallback": "#000000",
                                          "inputType": "scalar",
                                          "mappings": [
                                            {
                                              "input": "HEAT",
                                              "output": "#FF0000"
                                            },
                                            {
                                              "input": "COOL",
                                              "output": "#0000D9"
                                            }
                                          ],
                                          "outputType": "color",
                                          "type": "map"
                                        }
                                      ],
                                      "type": "tag"
                                    }
                                  }
                                },
                                "props": {
                                  "path": "material/toys",
                                  "style": {
                                    "marginLeft": 5
                                  }
                                },
                                "type": "ia.display.icon"
                              },
                              {
                                "meta": {
                                  "name": "Label"
                                },
                                "position": {
                                  "basis": "46px"
                                },
                                "propConfig": {
                                  "props.text": {
                                    "binding": {
                                      "config": {
                                        "fallbackDelay": 2.5,
                                        "mode": "direct",
                                        "tagPath": "[MQTT Engine]Edge Nodes/My Devices/Node-Red/Sparkplug Device/house/livingroom/aircond/mode"
                                      },
                                      "type": "tag"
                                    }
                                  }
                                },
                                "props": {
                                  "style": {
                                    "marginLeft": 10
                                  },
                                  "textStyle": {
                                    "fontSize": "calc(0.9 * (1.0vmin + 1.0vmax))"
                                  }
                                },
                                "type": "ia.display.label"
                              }
                            ],
                            "meta": {
                              "name": "FlexContainer_0"
                            },
                            "position": {
                              "basis": "200px"
                            },
                            "type": "ia.container.flex"
                          }
                        ],
                        "meta": {
                          "name": "PowerAndMode"
                        },
                        "position": {
                          "basis": "94px"
                        },
                        "props": {
                          "direction": "column"
                        },
                        "type": "ia.container.flex"
                      },
                      {
                        "children": [
                          {
                            "children": [
                              {
                                "meta": {
                                  "name": "Label"
                                },
                                "position": {
                                  "basis": "76px"
                                },
                                "props": {
                                  "style": {
                                    "color": "#AC00AC",
                                    "fontWeight": "bold"
                                  },
                                  "text": "TEMP",
                                  "textStyle": {
                                    "fontSize": "calc(1.0 * (1.0vmin + 1.0vmax))"
                                  }
                                },
                                "type": "ia.display.label"
                              }
                            ],
                            "meta": {
                              "name": "FlexContainer"
                            },
                            "position": {
                              "basis": "64px"
                            },
                            "type": "ia.container.flex"
                          },
                          {
                            "meta": {
                              "name": "Label"
                            },
                            "position": {
                              "basis": "31px"
                            },
                            "propConfig": {
                              "props.text": {
                                "binding": {
                                  "config": {
                                    "fallbackDelay": 2.5,
                                    "mode": "direct",
                                    "tagPath": "[MQTT Engine]Edge Nodes/My Devices/Node-Red/Sparkplug Device/house/livingroom/aircond/temp.value"
                                  },
                                  "type": "tag"
                                }
                              }
                            },
                            "props": {
                              "style": {
                                "backgroundColor": "#F4ECFFF2",
                                "borderBottomLeftRadius": 10,
                                "borderBottomRightRadius": 10,
                                "borderStyle": "double",
                                "borderTopLeftRadius": 10,
                                "borderTopRightRadius": 10,
                                "outlineWidth": "calc(1.1 * (1.0vmin + 1.0vmax))"
                              },
                              "textStyle": {
                                "fontSize": "calc(1.1 * (1.0vmin + 1.0vmax))",
                                "marginLeft": 25
                              }
                            },
                            "type": "ia.display.label"
                          }
                        ],
                        "meta": {
                          "name": "Temp"
                        },
                        "position": {
                          "basis": 77
                        },
                        "props": {
                          "direction": "column"
                        },
                        "type": "ia.container.flex"
                      }
                    ],
                    "meta": {
                      "name": "FlexContainer_0"
                    },
                    "position": {
                      "basis": "200px",
                      "grow": 1
                    },
                    "type": "ia.container.flex"
                  }
                ],
                "meta": {
                  "name": "AirCond"
                },
                "position": {
                  "basis": "200px"
                },
                "props": {
                  "direction": "column"
                },
                "type": "ia.container.flex"
              },
              {
                "children": [
                  {
                    "children": [
                      {
                        "meta": {
                          "name": "Label"
                        },
                        "position": {
                          "basis": "232px"
                        },
                        "props": {
                          "text": "TV",
                          "textStyle": {
                            "color": "#800080",
                            "fontFamily": "Helvetica",
                            "fontSize": "calc(1.1 * (1.0vmin + 1.0vmax))",
                            "fontWeight": "bold",
                            "marginLeft": 110
                          }
                        },
                        "type": "ia.display.label"
                      }
                    ],
                    "meta": {
                      "name": "FlexContainer"
                    },
                    "position": {
                      "basis": "61px"
                    },
                    "type": "ia.container.flex"
                  },
                  {
                    "children": [
                      {
                        "children": [
                          {
                            "meta": {
                              "name": "Icon"
                            },
                            "position": {
                              "basis": "81px"
                            },
                            "props": {
                              "path": "material/tv",
                              "style": {
                                "marginLeft": 20
                              }
                            },
                            "type": "ia.display.icon"
                          }
                        ],
                        "meta": {
                          "name": "FlexContainer"
                        },
                        "position": {
                          "basis": "135px"
                        },
                        "type": "ia.container.flex"
                      },
                      {
                        "children": [
                          {
                            "children": [
                              {
                                "meta": {
                                  "name": "ToggleSwitch"
                                },
                                "position": {
                                  "basis": "57px"
                                },
                                "propConfig": {
                                  "props.selected": {
                                    "binding": {
                                      "config": {
                                        "bidirectional": true,
                                        "fallbackDelay": 2.5,
                                        "mode": "direct",
                                        "tagPath": "[MQTT Engine]Edge Nodes/My Devices/Node-Red/Sparkplug Device/house/livingroom/tv/power.value"
                                      },
                                      "type": "tag"
                                    }
                                  }
                                },
                                "props": {
                                  "color": {
                                    "selected": "#FF47FF",
                                    "unselected": "#800080"
                                  },
                                  "label": {
                                    "text": null
                                  },
                                  "style": {
                                    "marginTop": 0
                                  }
                                },
                                "type": "ia.input.toggle-switch"
                              },
                              {
                                "meta": {
                                  "name": "Label"
                                },
                                "position": {
                                  "basis": "50px"
                                },
                                "propConfig": {
                                  "props.text": {
                                    "binding": {
                                      "config": {
                                        "fallbackDelay": 2.5,
                                        "mode": "direct",
                                        "tagPath": "[MQTT Engine]Edge Nodes/My Devices/Node-Red/Sparkplug Device/house/livingroom/tv/power.value"
                                      },
                                      "transforms": [
                                        {
                                          "fallback": null,
                                          "inputType": "expression",
                                          "mappings": [
                                            {
                                              "input": "true",
                                              "output": "ON"
                                            },
                                            {
                                              "input": "false",
                                              "output": "OFF"
                                            }
                                          ],
                                          "outputType": "scalar",
                                          "type": "map"
                                        }
                                      ],
                                      "type": "tag"
                                    }
                                  }
                                },
                                "props": {
                                  "textStyle": {
                                    "fontSize": "calc(0.9 * (1.0vmin + 1.0vmax))"
                                  }
                                },
                                "type": "ia.display.label"
                              }
                            ],
                            "meta": {
                              "name": "FlexContainer"
                            },
                            "position": {
                              "basis": "78px"
                            },
                            "type": "ia.container.flex"
                          },
                          {
                            "children": [
                              {
                                "children": [
                                  {
                                    "meta": {
                                      "name": "Label"
                                    },
                                    "position": {
                                      "basis": "42px"
                                    },
                                    "props": {
                                      "text": "Channel",
                                      "textStyle": {
                                        "fontSize": "calc(0.9 * (1.0vmin + 1.0vmax))"
                                      }
                                    },
                                    "type": "ia.display.label"
                                  }
                                ],
                                "meta": {
                                  "name": "FlexContainer"
                                },
                                "position": {
                                  "basis": 180
                                },
                                "type": "ia.container.flex"
                              },
                              {
                                "children": [
                                  {
                                    "children": [
                                      {
                                        "meta": {
                                          "name": "Label"
                                        },
                                        "position": {
                                          "basis": "79px"
                                        },
                                        "propConfig": {
                                          "props.text": {
                                            "binding": {
                                              "config": {
                                                "fallbackDelay": 2.5,
                                                "mode": "direct",
                                                "tagPath": "[MQTT Engine]Edge Nodes/My Devices/Node-Red/Sparkplug Device/house/livingroom/tv/channel.value"
                                              },
                                              "type": "tag"
                                            }
                                          }
                                        },
                                        "props": {
                                          "style": {
                                            "backgroundColor": "#F4ECFFF2",
                                            "borderBottomLeftRadius": 10,
                                            "borderBottomRightRadius": 10,
                                            "borderStyle": "double",
                                            "borderTopLeftRadius": 10,
                                            "borderTopRightRadius": 10
                                          },
                                          "textStyle": {
                                            "fontSize": "calc(0.9 * (1.0vmin + 1.0vmax))",
                                            "marginLeft": 25
                                          }
                                        },
                                        "type": "ia.display.label"
                                      }
                                    ],
                                    "meta": {
                                      "name": "FlexContainer"
                                    },
                                    "position": {
                                      "basis": "51px"
                                    },
                                    "type": "ia.container.flex"
                                  }
                                ],
                                "meta": {
                                  "name": "FlexContainer_0"
                                },
                                "position": {
                                  "basis": "200px"
                                },
                                "props": {
                                  "direction": "column"
                                },
                                "type": "ia.container.flex"
                              }
                            ],
                            "meta": {
                              "name": "FlexContainer_0"
                            },
                            "position": {
                              "basis": "92.2px"
                            },
                            "type": "ia.container.flex"
                          }
                        ],
                        "meta": {
                          "name": "FlexContainer_0"
                        },
                        "position": {
                          "basis": "200px"
                        },
                        "props": {
                          "direction": "column"
                        },
                        "type": "ia.container.flex"
                      }
                    ],
                    "meta": {
                      "name": "FlexContainer_0"
                    },
                    "position": {
                      "basis": "200px"
                    },
                    "type": "ia.container.flex"
                  }
                ],
                "meta": {
                  "name": "TV"
                },
                "position": {
                  "basis": "200px",
                  "grow": 1
                },
                "props": {
                  "direction": "column",
                  "style": {
                    "borderBottomStyle": "hidden",
                    "borderLeftStyle": "hidden",
                    "borderRightStyle": "hidden",
                    "borderTopStyle": "solid"
                  }
                },
                "type": "ia.container.flex"
              }
            ],
            "meta": {
              "name": "AirCondAndTV"
            },
            "position": {
              "basis": "282px"
            },
            "props": {
              "direction": "column",
              "style": {
                "backgroundColor": "#D5D5D5",
                "borderBottomLeftRadius": 15,
                "borderBottomRightRadius": 15,
                "borderStyle": "solid",
                "borderTopLeftRadius": 15,
                "borderTopRightRadius": 15,
                "marginBottom": 5,
                "marginTop": 5
              }
            },
            "type": "ia.container.flex"
          }
        ],
        "meta": {
          "name": "AirCondTV"
        },
        "position": {
          "basis": "441px"
        },
        "type": "ia.container.flex"
      },
      {
        "children": [
          {
            "children": [
              {
                "children": [
                  {
                    "children": [
                      {
                        "meta": {
                          "name": "Label"
                        },
                        "position": {
                          "basis": "232px"
                        },
                        "props": {
                          "text": "Bulb 1",
                          "textStyle": {
                            "color": "#800080",
                            "fontFamily": "Helvetica",
                            "fontSize": "calc(1.1 * (1.0vmin + 1.0vmax))",
                            "fontWeight": "bold",
                            "marginLeft": 45
                          }
                        },
                        "type": "ia.display.label"
                      }
                    ],
                    "meta": {
                      "name": "FlexContainer"
                    },
                    "position": {
                      "basis": "94px"
                    },
                    "type": "ia.container.flex"
                  },
                  {
                    "children": [
                      {
                        "meta": {
                          "name": "Icon"
                        },
                        "position": {
                          "basis": "78px"
                        },
                        "propConfig": {
                          "props.color": {
                            "binding": {
                              "config": {
                                "fallbackDelay": 2.5,
                                "mode": "direct",
                                "tagPath": "[MQTT Engine]Edge Nodes/My Devices/Node-Red/Sparkplug Device/house/livingroom/bulb1.value"
                              },
                              "transforms": [
                                {
                                  "fallback": "#000000",
                                  "inputType": "expression",
                                  "mappings": [
                                    {
                                      "input": "false",
                                      "output": "#000000"
                                    },
                                    {
                                      "input": "true",
                                      "output": "#AC5F00"
                                    }
                                  ],
                                  "outputType": "color",
                                  "type": "map"
                                }
                              ],
                              "type": "tag"
                            }
                          }
                        },
                        "props": {
                          "path": "material/emoji_objects",
                          "style": {
                            "marginLeft": 35
                          }
                        },
                        "type": "ia.display.icon"
                      }
                    ],
                    "meta": {
                      "name": "FlexContainer_0"
                    },
                    "position": {
                      "basis": "84px"
                    },
                    "type": "ia.container.flex"
                  },
                  {
                    "children": [
                      {
                        "children": [
                          {
                            "events": {
                              "component": {
                                "onActionPerformed": {
                                  "config": {
                                    "script": "\tsystem.cirruslink.engine.publish(\"Chariot\n\tSCADA\",\"house/livingroom/bulb1\",str(\n\t\"toggle\").encode(),0,0)"
                                  },
                                  "scope": "G",
                                  "type": "script"
                                }
                              }
                            },
                            "meta": {
                              "name": "ToggleSwitch"
                            },
                            "position": {
                              "basis": "70px"
                            },
                            "propConfig": {
                              "props.selected": {
                                "binding": {
                                  "config": {
                                    "bidirectional": true,
                                    "fallbackDelay": 2.5,
                                    "mode": "direct",
                                    "tagPath": "[MQTT Engine]Edge Nodes/My Devices/Node-Red/Sparkplug Device/house/livingroom/bulb1.value"
                                  },
                                  "type": "tag"
                                }
                              }
                            },
                            "props": {
                              "color": {
                                "selected": "#FF47FF",
                                "unselected": "#800080"
                              },
                              "label": {
                                "text": null
                              },
                              "style": {
                                "marginTop": 23
                              }
                            },
                            "type": "ia.input.toggle-switch"
                          },
                          {
                            "meta": {
                              "name": "Label"
                            },
                            "position": {
                              "basis": "50px"
                            },
                            "propConfig": {
                              "props.text": {
                                "binding": {
                                  "config": {
                                    "fallbackDelay": 2.5,
                                    "mode": "direct",
                                    "tagPath": "[MQTT Engine]Edge Nodes/My Devices/Node-Red/Sparkplug Device/house/livingroom/bulb1.value"
                                  },
                                  "transforms": [
                                    {
                                      "fallback": null,
                                      "inputType": "expression",
                                      "mappings": [
                                        {
                                          "input": "true",
                                          "output": "ON"
                                        },
                                        {
                                          "input": "false",
                                          "output": "OFF"
                                        }
                                      ],
                                      "outputType": "scalar",
                                      "type": "map"
                                    }
                                  ],
                                  "type": "tag"
                                }
                              }
                            },
                            "props": {
                              "textStyle": {
                                "fontSize": "calc(0.9 * (1.0vmin + 1.0vmax))"
                              }
                            },
                            "type": "ia.display.label"
                          }
                        ],
                        "meta": {
                          "name": "FlexContainer"
                        },
                        "position": {
                          "basis": "110px"
                        },
                        "type": "ia.container.flex"
                      }
                    ],
                    "meta": {
                      "name": "switch"
                    },
                    "position": {
                      "basis": "200px"
                    },
                    "type": "ia.container.flex"
                  }
                ],
                "meta": {
                  "name": "Bulb1"
                },
                "position": {
                  "basis": 154
                },
                "props": {
                  "direction": "column"
                },
                "type": "ia.container.flex"
              },
              {
                "children": [
                  {
                    "children": [
                      {
                        "meta": {
                          "name": "Label"
                        },
                        "position": {
                          "basis": "232px"
                        },
                        "props": {
                          "text": "Bulb 2",
                          "textStyle": {
                            "color": "#800080",
                            "fontFamily": "Helvetica",
                            "fontSize": "calc(1.1 * (1.0vmin + 1.0vmax))",
                            "fontWeight": "bold",
                            "marginLeft": 45
                          }
                        },
                        "type": "ia.display.label"
                      }
                    ],
                    "meta": {
                      "name": "FlexContainer"
                    },
                    "position": {
                      "basis": "94px"
                    },
                    "type": "ia.container.flex"
                  },
                  {
                    "children": [
                      {
                        "meta": {
                          "name": "Icon"
                        },
                        "position": {
                          "basis": "78px"
                        },
                        "propConfig": {
                          "props.color": {
                            "binding": {
                              "config": {
                                "fallbackDelay": 2.5,
                                "mode": "direct",
                                "tagPath": "[MQTT Engine]Edge Nodes/My Devices/Node-Red/Sparkplug Device/house/livingroom/bulb2.value"
                              },
                              "transforms": [
                                {
                                  "fallback": "#000000",
                                  "inputType": "expression",
                                  "mappings": [
                                    {
                                      "input": "true",
                                      "output": "#AC5F00"
                                    },
                                    {
                                      "input": "false",
                                      "output": "#000000"
                                    }
                                  ],
                                  "outputType": "color",
                                  "type": "map"
                                }
                              ],
                              "type": "tag"
                            }
                          }
                        },
                        "props": {
                          "path": "material/emoji_objects",
                          "style": {
                            "marginLeft": 35
                          }
                        },
                        "type": "ia.display.icon"
                      }
                    ],
                    "meta": {
                      "name": "FlexContainer_0"
                    },
                    "position": {
                      "basis": "84px"
                    },
                    "type": "ia.container.flex"
                  },
                  {
                    "children": [
                      {
                        "children": [
                          {
                            "meta": {
                              "name": "ToggleSwitch"
                            },
                            "position": {
                              "basis": "59px"
                            },
                            "propConfig": {
                              "props.selected": {
                                "binding": {
                                  "config": {
                                    "bidirectional": true,
                                    "fallbackDelay": 2.5,
                                    "mode": "direct",
                                    "tagPath": "[MQTT Engine]Edge Nodes/My Devices/Node-Red/Sparkplug Device/house/livingroom/bulb2.value"
                                  },
                                  "type": "tag"
                                }
                              }
                            },
                            "props": {
                              "color": {
                                "selected": "#FF47FF",
                                "unselected": "#800080"
                              }
                            },
                            "type": "ia.input.toggle-switch"
                          },
                          {
                            "meta": {
                              "name": "Label"
                            },
                            "position": {
                              "basis": "50px"
                            },
                            "propConfig": {
                              "props.text": {
                                "binding": {
                                  "config": {
                                    "fallbackDelay": 2.5,
                                    "mode": "direct",
                                    "tagPath": "[MQTT Engine]Edge Nodes/My Devices/Node-Red/Sparkplug Device/house/livingroom/bulb2.value"
                                  },
                                  "transforms": [
                                    {
                                      "fallback": null,
                                      "inputType": "expression",
                                      "mappings": [
                                        {
                                          "input": "true",
                                          "output": "ON"
                                        },
                                        {
                                          "input": "false",
                                          "output": "OFF"
                                        }
                                      ],
                                      "outputType": "scalar",
                                      "type": "map"
                                    }
                                  ],
                                  "type": "tag"
                                }
                              }
                            },
                            "props": {
                              "textStyle": {
                                "fontSize": "calc(0.9 * (1.0vmin + 1.0vmax))"
                              }
                            },
                            "type": "ia.display.label"
                          }
                        ],
                        "meta": {
                          "name": "FlexContainer"
                        },
                        "position": {
                          "basis": "110px"
                        },
                        "type": "ia.container.flex"
                      }
                    ],
                    "meta": {
                      "name": "FlexContainer_1"
                    },
                    "position": {
                      "basis": "200px"
                    },
                    "type": "ia.container.flex"
                  }
                ],
                "meta": {
                  "name": "Bulb2"
                },
                "position": {
                  "basis": 154,
                  "grow": 1
                },
                "props": {
                  "direction": "column",
                  "style": {
                    "borderLeftStyle": "solid",
                    "borderTopStyle": "none"
                  }
                },
                "type": "ia.container.flex"
              }
            ],
            "meta": {
              "name": "Bulbs"
            },
            "position": {
              "basis": 308
            },
            "props": {
              "style": {
                "backgroundColor": "#D5D5D5",
                "borderBottomLeftRadius": 15,
                "borderBottomRightRadius": 15,
                "borderStyle": "solid",
                "borderTopLeftRadius": 15,
                "borderTopRightRadius": 15,
                "marginLeft": 50,
                "marginTop": 15
              }
            },
            "type": "ia.container.flex"
          },
          {
            "children": [
              {
                "children": [
                  {
                    "children": [
                      {
                        "meta": {
                          "name": "Label"
                        },
                        "position": {
                          "basis": "232px"
                        },
                        "props": {
                          "text": "Plug 1",
                          "textStyle": {
                            "color": "#800080",
                            "fontFamily": "Helvetica",
                            "fontSize": "calc(1.1 * (1.0vmin + 1.0vmax))",
                            "fontWeight": "bold",
                            "marginLeft": 45
                          }
                        },
                        "type": "ia.display.label"
                      }
                    ],
                    "meta": {
                      "name": "FlexContainer"
                    },
                    "position": {
                      "basis": "94px"
                    },
                    "type": "ia.container.flex"
                  },
                  {
                    "children": [
                      {
                        "meta": {
                          "name": "Plug1_ON"
                        },
                        "position": {
                          "basis": "48px"
                        },
                        "propConfig": {
                          "meta.visible": {
                            "binding": {
                              "config": {
                                "fallbackDelay": 2.5,
                                "mode": "direct",
                                "tagPath": "[MQTT Engine]Edge Nodes/My Devices/Node-Red/Sparkplug Device/house/livingroom/plug1.value"
                              },
                              "transforms": [
                                {
                                  "fallback": null,
                                  "inputType": "expression",
                                  "mappings": [
                                    {
                                      "input": "true",
                                      "output": true
                                    },
                                    {
                                      "input": "false",
                                      "output": false
                                    }
                                  ],
                                  "outputType": "scalar",
                                  "type": "map"
                                }
                              ],
                              "type": "tag"
                            }
                          }
                        },
                        "props": {
                          "color": "#000000",
                          "path": "material/power",
                          "style": {
                            "marginLeft": 35
                          }
                        },
                        "type": "ia.display.icon"
                      },
                      {
                        "meta": {
                          "name": "Plug1_OFF"
                        },
                        "position": {
                          "basis": "50px"
                        },
                        "propConfig": {
                          "meta.visible": {
                            "binding": {
                              "config": {
                                "fallbackDelay": 2.5,
                                "mode": "direct",
                                "tagPath": "[MQTT Engine]Edge Nodes/My Devices/Node-Red/Sparkplug Device/house/livingroom/plug1.value"
                              },
                              "transforms": [
                                {
                                  "fallback": null,
                                  "inputType": "expression",
                                  "mappings": [
                                    {
                                      "input": "true",
                                      "output": false
                                    },
                                    {
                                      "input": "false",
                                      "output": true
                                    }
                                  ],
                                  "outputType": "scalar",
                                  "type": "map"
                                }
                              ],
                              "type": "tag"
                            }
                          }
                        },
                        "props": {
                          "color": "#000000",
                          "path": "material/power_off"
                        },
                        "type": "ia.display.icon"
                      }
                    ],
                    "meta": {
                      "name": "FlexContainer_0"
                    },
                    "position": {
                      "basis": 84
                    },
                    "type": "ia.container.flex"
                  },
                  {
                    "children": [
                      {
                        "children": [
                          {
                            "events": {
                              "component": {
                                "onActionPerformed": {
                                  "config": {
                                    "script": "\tsystem.cirruslink.engine.publish(\"Chariot\n\tSCADA\",\"house/livingroom/bulb1\",str(\n\t\"toggle\").encode(),0,0)"
                                  },
                                  "scope": "G",
                                  "type": "script"
                                }
                              }
                            },
                            "meta": {
                              "name": "ToggleSwitch"
                            },
                            "position": {
                              "basis": "70px"
                            },
                            "propConfig": {
                              "props.selected": {
                                "binding": {
                                  "config": {
                                    "bidirectional": true,
                                    "fallbackDelay": 2.5,
                                    "mode": "direct",
                                    "tagPath": "[MQTT Engine]Edge Nodes/My Devices/Node-Red/Sparkplug Device/house/livingroom/plug1.value"
                                  },
                                  "type": "tag"
                                }
                              }
                            },
                            "props": {
                              "color": {
                                "selected": "#FF47FF",
                                "unselected": "#800080"
                              },
                              "label": {
                                "text": null
                              },
                              "style": {
                                "marginTop": 23
                              }
                            },
                            "type": "ia.input.toggle-switch"
                          },
                          {
                            "meta": {
                              "name": "Label"
                            },
                            "position": {
                              "basis": "50px"
                            },
                            "propConfig": {
                              "props.text": {
                                "binding": {
                                  "config": {
                                    "fallbackDelay": 2.5,
                                    "mode": "direct",
                                    "tagPath": "[MQTT Engine]Edge Nodes/My Devices/Node-Red/Sparkplug Device/house/livingroom/plug1.value"
                                  },
                                  "transforms": [
                                    {
                                      "fallback": null,
                                      "inputType": "expression",
                                      "mappings": [
                                        {
                                          "input": "true",
                                          "output": "ON"
                                        },
                                        {
                                          "input": "false",
                                          "output": "OFF"
                                        }
                                      ],
                                      "outputType": "scalar",
                                      "type": "map"
                                    }
                                  ],
                                  "type": "tag"
                                }
                              }
                            },
                            "props": {
                              "textStyle": {
                                "fontSize": "calc(0.9 * (1.0vmin + 1.0vmax))"
                              }
                            },
                            "type": "ia.display.label"
                          }
                        ],
                        "meta": {
                          "name": "FlexContainer"
                        },
                        "position": {
                          "basis": "110px"
                        },
                        "type": "ia.container.flex"
                      }
                    ],
                    "meta": {
                      "name": "switch"
                    },
                    "position": {
                      "basis": "200px"
                    },
                    "type": "ia.container.flex"
                  }
                ],
                "meta": {
                  "name": "Plug1"
                },
                "position": {
                  "basis": "154px"
                },
                "props": {
                  "direction": "column",
                  "style": {
                    "borderRightStyle": "solid"
                  }
                },
                "type": "ia.container.flex"
              },
              {
                "children": [
                  {
                    "children": [
                      {
                        "meta": {
                          "name": "Label"
                        },
                        "position": {
                          "basis": "232px"
                        },
                        "props": {
                          "text": "Plug 2",
                          "textStyle": {
                            "color": "#800080",
                            "fontFamily": "Helvetica",
                            "fontSize": "calc(1.1 * (1.0vmin + 1.0vmax))",
                            "fontWeight": "bold",
                            "marginLeft": 45
                          }
                        },
                        "type": "ia.display.label"
                      }
                    ],
                    "meta": {
                      "name": "FlexContainer"
                    },
                    "position": {
                      "basis": "94px"
                    },
                    "type": "ia.container.flex"
                  },
                  {
                    "children": [
                      {
                        "meta": {
                          "name": "Plug2_ON"
                        },
                        "position": {
                          "basis": "48px"
                        },
                        "propConfig": {
                          "meta.visible": {
                            "binding": {
                              "config": {
                                "fallbackDelay": 2.5,
                                "mode": "direct",
                                "tagPath": "[MQTT Engine]Edge Nodes/My Devices/Node-Red/Sparkplug Device/house/livingroom/plug2.value"
                              },
                              "transforms": [
                                {
                                  "fallback": null,
                                  "inputType": "expression",
                                  "mappings": [
                                    {
                                      "input": "true",
                                      "output": true
                                    },
                                    {
                                      "input": "false",
                                      "output": false
                                    }
                                  ],
                                  "outputType": "scalar",
                                  "type": "map"
                                }
                              ],
                              "type": "tag"
                            }
                          }
                        },
                        "props": {
                          "color": "#000000",
                          "path": "material/power",
                          "style": {
                            "marginLeft": 35
                          }
                        },
                        "type": "ia.display.icon"
                      },
                      {
                        "meta": {
                          "name": "Plug2_OFF"
                        },
                        "position": {
                          "basis": "47px"
                        },
                        "propConfig": {
                          "meta.visible": {
                            "binding": {
                              "config": {
                                "fallbackDelay": 2.5,
                                "mode": "direct",
                                "tagPath": "[MQTT Engine]Edge Nodes/My Devices/Node-Red/Sparkplug Device/house/livingroom/plug2.value"
                              },
                              "transforms": [
                                {
                                  "fallback": null,
                                  "inputType": "expression",
                                  "mappings": [
                                    {
                                      "input": "true",
                                      "output": false
                                    },
                                    {
                                      "input": "false",
                                      "output": true
                                    }
                                  ],
                                  "outputType": "scalar",
                                  "type": "map"
                                }
                              ],
                              "type": "tag"
                            }
                          }
                        },
                        "props": {
                          "color": "#000000",
                          "path": "material/power_off"
                        },
                        "type": "ia.display.icon"
                      }
                    ],
                    "meta": {
                      "name": "FlexContainer_0"
                    },
                    "position": {
                      "basis": "84px"
                    },
                    "type": "ia.container.flex"
                  },
                  {
                    "children": [
                      {
                        "children": [
                          {
                            "events": {
                              "component": {
                                "onActionPerformed": {
                                  "config": {
                                    "script": "\tsystem.cirruslink.engine.publish(\"Chariot\n\tSCADA\",\"house/livingroom/bulb1\",str(\n\t\"toggle\").encode(),0,0)"
                                  },
                                  "scope": "G",
                                  "type": "script"
                                }
                              }
                            },
                            "meta": {
                              "name": "ToggleSwitch"
                            },
                            "position": {
                              "basis": "70px"
                            },
                            "propConfig": {
                              "props.selected": {
                                "binding": {
                                  "config": {
                                    "bidirectional": true,
                                    "fallbackDelay": 2.5,
                                    "mode": "direct",
                                    "tagPath": "[MQTT Engine]Edge Nodes/My Devices/Node-Red/Sparkplug Device/house/livingroom/plug2.value"
                                  },
                                  "type": "tag"
                                }
                              }
                            },
                            "props": {
                              "color": {
                                "selected": "#FF47FF",
                                "unselected": "#800080"
                              },
                              "label": {
                                "text": null
                              },
                              "style": {
                                "marginTop": 23
                              }
                            },
                            "type": "ia.input.toggle-switch"
                          },
                          {
                            "meta": {
                              "name": "Label"
                            },
                            "position": {
                              "basis": "50px"
                            },
                            "propConfig": {
                              "props.text": {
                                "binding": {
                                  "config": {
                                    "fallbackDelay": 2.5,
                                    "mode": "direct",
                                    "tagPath": "[MQTT Engine]Edge Nodes/My Devices/Node-Red/Sparkplug Device/house/livingroom/plug2.value"
                                  },
                                  "transforms": [
                                    {
                                      "fallback": null,
                                      "inputType": "expression",
                                      "mappings": [
                                        {
                                          "input": "true",
                                          "output": "ON"
                                        },
                                        {
                                          "input": "false",
                                          "output": "OFF"
                                        }
                                      ],
                                      "outputType": "scalar",
                                      "type": "map"
                                    }
                                  ],
                                  "type": "tag"
                                }
                              }
                            },
                            "props": {
                              "textStyle": {
                                "fontSize": "calc(0.9 * (1.0vmin + 1.0vmax))"
                              }
                            },
                            "type": "ia.display.label"
                          }
                        ],
                        "meta": {
                          "name": "FlexContainer"
                        },
                        "position": {
                          "basis": "110px"
                        },
                        "type": "ia.container.flex"
                      }
                    ],
                    "meta": {
                      "name": "switch"
                    },
                    "position": {
                      "basis": "200px"
                    },
                    "type": "ia.container.flex"
                  }
                ],
                "meta": {
                  "name": "Plug2"
                },
                "position": {
                  "basis": "154px"
                },
                "props": {
                  "direction": "column",
                  "style": {
                    "borderRightStyle": "solid"
                  }
                },
                "type": "ia.container.flex"
              },
              {
                "children": [
                  {
                    "children": [
                      {
                        "meta": {
                          "name": "Label"
                        },
                        "position": {
                          "basis": "232px"
                        },
                        "props": {
                          "text": "Plug 3",
                          "textStyle": {
                            "color": "#800080",
                            "fontFamily": "Helvetica",
                            "fontSize": "calc(1.1 * (1.0vmin + 1.0vmax))",
                            "fontWeight": "bold",
                            "marginLeft": 45
                          }
                        },
                        "type": "ia.display.label"
                      }
                    ],
                    "meta": {
                      "name": "FlexContainer"
                    },
                    "position": {
                      "basis": "94px"
                    },
                    "type": "ia.container.flex"
                  },
                  {
                    "children": [
                      {
                        "meta": {
                          "name": "Plug3_ON"
                        },
                        "position": {
                          "basis": "47px"
                        },
                        "propConfig": {
                          "meta.visible": {
                            "binding": {
                              "config": {
                                "fallbackDelay": 2.5,
                                "mode": "direct",
                                "tagPath": "[MQTT Engine]Edge Nodes/My Devices/Node-Red/Sparkplug Device/house/livingroom/plug3.value"
                              },
                              "transforms": [
                                {
                                  "fallback": null,
                                  "inputType": "expression",
                                  "mappings": [
                                    {
                                      "input": "true",
                                      "output": true
                                    },
                                    {
                                      "input": "false",
                                      "output": false
                                    }
                                  ],
                                  "outputType": "scalar",
                                  "type": "map"
                                }
                              ],
                              "type": "tag"
                            }
                          }
                        },
                        "props": {
                          "color": "#000000",
                          "path": "material/power",
                          "style": {
                            "marginLeft": 35
                          }
                        },
                        "type": "ia.display.icon"
                      },
                      {
                        "meta": {
                          "name": "Plug3_OFF"
                        },
                        "position": {
                          "basis": "45px"
                        },
                        "propConfig": {
                          "meta.visible": {
                            "binding": {
                              "config": {
                                "fallbackDelay": 2.5,
                                "mode": "direct",
                                "tagPath": "[MQTT Engine]Edge Nodes/My Devices/Node-Red/Sparkplug Device/house/livingroom/plug3.value"
                              },
                              "transforms": [
                                {
                                  "fallback": null,
                                  "inputType": "expression",
                                  "mappings": [
                                    {
                                      "input": "true",
                                      "output": false
                                    },
                                    {
                                      "input": "false",
                                      "output": true
                                    }
                                  ],
                                  "outputType": "scalar",
                                  "type": "map"
                                }
                              ],
                              "type": "tag"
                            }
                          }
                        },
                        "props": {
                          "color": "#000000",
                          "path": "material/power_off"
                        },
                        "type": "ia.display.icon"
                      }
                    ],
                    "meta": {
                      "name": "FlexContainer_0"
                    },
                    "position": {
                      "basis": 84
                    },
                    "type": "ia.container.flex"
                  },
                  {
                    "children": [
                      {
                        "children": [
                          {
                            "events": {
                              "component": {
                                "onActionPerformed": {
                                  "config": {
                                    "script": "\tsystem.cirruslink.engine.publish(\"Chariot\n\tSCADA\",\"house/livingroom/bulb1\",str(\n\t\"toggle\").encode(),0,0)"
                                  },
                                  "scope": "G",
                                  "type": "script"
                                }
                              }
                            },
                            "meta": {
                              "name": "ToggleSwitch"
                            },
                            "position": {
                              "basis": "70px"
                            },
                            "propConfig": {
                              "props.selected": {
                                "binding": {
                                  "config": {
                                    "bidirectional": true,
                                    "fallbackDelay": 2.5,
                                    "mode": "direct",
                                    "tagPath": "[MQTT Engine]Edge Nodes/My Devices/Node-Red/Sparkplug Device/house/livingroom/plug3.value"
                                  },
                                  "type": "tag"
                                }
                              }
                            },
                            "props": {
                              "color": {
                                "selected": "#FF47FF",
                                "unselected": "#800080"
                              },
                              "label": {
                                "text": null
                              },
                              "style": {
                                "marginTop": 23
                              }
                            },
                            "type": "ia.input.toggle-switch"
                          },
                          {
                            "meta": {
                              "name": "Label"
                            },
                            "position": {
                              "basis": "50px"
                            },
                            "propConfig": {
                              "props.text": {
                                "binding": {
                                  "config": {
                                    "fallbackDelay": 2.5,
                                    "mode": "direct",
                                    "tagPath": "[MQTT Engine]Edge Nodes/My Devices/Node-Red/Sparkplug Device/house/livingroom/plug3.value"
                                  },
                                  "transforms": [
                                    {
                                      "fallback": null,
                                      "inputType": "expression",
                                      "mappings": [
                                        {
                                          "input": "true",
                                          "output": "ON"
                                        },
                                        {
                                          "input": "false",
                                          "output": "OFF"
                                        }
                                      ],
                                      "outputType": "scalar",
                                      "type": "map"
                                    }
                                  ],
                                  "type": "tag"
                                }
                              }
                            },
                            "props": {
                              "textStyle": {
                                "fontSize": "calc(0.9 * (1.0vmin + 1.0vmax))"
                              }
                            },
                            "type": "ia.display.label"
                          }
                        ],
                        "meta": {
                          "name": "FlexContainer"
                        },
                        "position": {
                          "basis": "110px"
                        },
                        "type": "ia.container.flex"
                      }
                    ],
                    "meta": {
                      "name": "switch"
                    },
                    "position": {
                      "basis": "200px"
                    },
                    "type": "ia.container.flex"
                  }
                ],
                "meta": {
                  "name": "Plug3"
                },
                "position": {
                  "basis": "154px"
                },
                "props": {
                  "direction": "column"
                },
                "type": "ia.container.flex"
              }
            ],
            "meta": {
              "name": "Plugs"
            },
            "position": {
              "basis": 462
            },
            "props": {
              "style": {
                "backgroundColor": "#D5D5D5",
                "borderBottomLeftRadius": 15,
                "borderBottomRightRadius": 15,
                "borderStyle": "solid",
                "borderTopLeftRadius": 15,
                "borderTopRightRadius": 15,
                "marginLeft": 145,
                "marginTop": 15
              }
            },
            "type": "ia.container.flex"
          }
        ],
        "meta": {
          "name": "BulbsAndPlugs"
        },
        "position": {
          "basis": "336px"
        },
        "props": {
          "style": {
            "marginLeft": 0
          }
        },
        "type": "ia.container.flex"
      }
    ],
    "meta": {
      "name": "root"
    },
    "props": {
      "direction": "column"
    },
    "type": "ia.container.flex"
  }
}