{
  "custom": {},
  "params": {},
  "props": {
    "defaultSize": {
      "width": 639
    }
  },
  "root": {
    "children": [
      {
        "children": [
          {
            "children": [
              {
                "meta": {
                  "name": "living room"
                },
                "position": {
                  "basis": "405px"
                },
                "props": {
                  "fit": {
                    "mode": "contain"
                  },
                  "source": "/system/images/living room.jpg"
                },
                "type": "ia.display.image"
              }
            ],
            "meta": {
              "name": "FlexContainer"
            },
            "position": {
              "basis": "215px"
            },
            "type": "ia.container.flex"
          },
          {
            "children": [
              {
                "children": [
                  {
                    "children": [
                      {
                        "children": [
                          {
                            "meta": {
                              "name": "Label"
                            },
                            "position": {
                              "basis": "232px"
                            },
                            "props": {
                              "text": "Bulb 1",
                              "textStyle": {
                                "color": "#800080",
                                "fontFamily": "Helvetica",
                                "fontSize": "calc(1.1 * (1.0vmin + 1.0vmax))",
                                "fontWeight": "bold",
                                "marginLeft": 45
                              }
                            },
                            "type": "ia.display.label"
                          }
                        ],
                        "meta": {
                          "name": "FlexContainer"
                        },
                        "position": {
                          "basis": 50
                        },
                        "type": "ia.container.flex"
                      },
                      {
                        "children": [
                          {
                            "children": [
                              {
                                "events": {
                                  "component": {
                                    "onActionPerformed": {
                                      "config": {
                                        "script": "\tsystem.cirruslink.engine.publish(\"Chariot\n\tSCADA\",\"house/livingroom/bulb1\",str(\n\t\"toggle\").encode(),0,0)"
                                      },
                                      "scope": "G",
                                      "type": "script"
                                    }
                                  }
                                },
                                "meta": {
                                  "name": "ToggleSwitch"
                                },
                                "position": {
                                  "basis": "70px"
                                },
                                "propConfig": {
                                  "props.selected": {
                                    "binding": {
                                      "config": {
                                        "bidirectional": true,
                                        "fallbackDelay": 2.5,
                                        "mode": "direct",
                                        "tagPath": "[MQTT Engine]Edge Nodes/My Devices/Node-Red/Sparkplug Device/house/livingroom/bulb1.value"
                                      },
                                      "type": "tag"
                                    }
                                  }
                                },
                                "props": {
                                  "color": {
                                    "selected": "#FF47FF",
                                    "unselected": "#800080"
                                  },
                                  "label": {
                                    "text": null
                                  },
                                  "style": {
                                    "marginTop": 0
                                  }
                                },
                                "type": "ia.input.toggle-switch"
                              },
                              {
                                "meta": {
                                  "name": "Label"
                                },
                                "position": {
                                  "basis": "50px"
                                },
                                "propConfig": {
                                  "props.text": {
                                    "binding": {
                                      "config": {
                                        "fallbackDelay": 2.5,
                                        "mode": "direct",
                                        "tagPath": "[MQTT Engine]Edge Nodes/My Devices/Node-Red/Sparkplug Device/house/livingroom/bulb1.value"
                                      },
                                      "transforms": [
                                        {
                                          "fallback": null,
                                          "inputType": "expression",
                                          "mappings": [
                                            {
                                              "input": "true",
                                              "output": "ON"
                                            },
                                            {
                                              "input": "false",
                                              "output": "OFF"
                                            }
                                          ],
                                          "outputType": "scalar",
                                          "type": "map"
                                        }
                                      ],
                                      "type": "tag"
                                    }
                                  }
                                },
                                "props": {
                                  "textStyle": {
                                    "fontSize": "calc(0.9 * (1.0vmin + 1.0vmax))"
                                  }
                                },
                                "type": "ia.display.label"
                              }
                            ],
                            "meta": {
                              "name": "FlexContainer"
                            },
                            "position": {
                              "basis": "110px"
                            },
                            "type": "ia.container.flex"
                          }
                        ],
                        "meta": {
                          "name": "switch"
                        },
                        "position": {
                          "basis": 100
                        },
                        "type": "ia.container.flex"
                      },
                      {
                        "children": [
                          {
                            "meta": {
                              "name": "Label"
                            },
                            "position": {
                              "basis": "232px"
                            },
                            "props": {
                              "text": "Bulb 2",
                              "textStyle": {
                                "color": "#800080",
                                "fontFamily": "Helvetica",
                                "fontSize": "calc(1.1 * (1.0vmin + 1.0vmax))",
                                "fontWeight": "bold",
                                "marginLeft": 45
                              }
                            },
                            "type": "ia.display.label"
                          }
                        ],
                        "meta": {
                          "name": "FlexContainer_0"
                        },
                        "position": {
                          "basis": 50
                        },
                        "type": "ia.container.flex"
                      },
                      {
                        "children": [
                          {
                            "children": [
                              {
                                "events": {
                                  "component": {
                                    "onActionPerformed": {
                                      "config": {
                                        "script": "\tsystem.cirruslink.engine.publish(\"Chariot\n\tSCADA\",\"house/livingroom/bulb1\",str(\n\t\"toggle\").encode(),0,0)"
                                      },
                                      "scope": "G",
                                      "type": "script"
                                    }
                                  }
                                },
                                "meta": {
                                  "name": "ToggleSwitch"
                                },
                                "position": {
                                  "basis": "70px"
                                },
                                "propConfig": {
                                  "props.selected": {
                                    "binding": {
                                      "config": {
                                        "bidirectional": true,
                                        "fallbackDelay": 2.5,
                                        "mode": "direct",
                                        "tagPath": "[MQTT Engine]Edge Nodes/My Devices/Node-Red/Sparkplug Device/house/livingroom/bulb2.value"
                                      },
                                      "type": "tag"
                                    }
                                  }
                                },
                                "props": {
                                  "color": {
                                    "selected": "#FF47FF",
                                    "unselected": "#800080"
                                  },
                                  "label": {
                                    "text": null
                                  },
                                  "style": {
                                    "marginTop": 0
                                  }
                                },
                                "type": "ia.input.toggle-switch"
                              },
                              {
                                "meta": {
                                  "name": "Label"
                                },
                                "position": {
                                  "basis": "50px"
                                },
                                "propConfig": {
                                  "props.text": {
                                    "binding": {
                                      "config": {
                                        "fallbackDelay": 2.5,
                                        "mode": "direct",
                                        "tagPath": "[MQTT Engine]Edge Nodes/My Devices/Node-Red/Sparkplug Device/house/livingroom/bulb2.value"
                                      },
                                      "transforms": [
                                        {
                                          "fallback": null,
                                          "inputType": "expression",
                                          "mappings": [
                                            {
                                              "input": "true",
                                              "output": "ON"
                                            },
                                            {
                                              "input": "false",
                                              "output": "OFF"
                                            }
                                          ],
                                          "outputType": "scalar",
                                          "type": "map"
                                        }
                                      ],
                                      "type": "tag"
                                    }
                                  }
                                },
                                "props": {
                                  "textStyle": {
                                    "fontSize": "calc(0.9 * (1.0vmin + 1.0vmax))"
                                  }
                                },
                                "type": "ia.display.label"
                              }
                            ],
                            "meta": {
                              "name": "FlexContainer"
                            },
                            "position": {
                              "basis": "110px"
                            },
                            "type": "ia.container.flex"
                          }
                        ],
                        "meta": {
                          "name": "switch_0"
                        },
                        "position": {
                          "basis": 100
                        },
                        "type": "ia.container.flex"
                      }
                    ],
                    "meta": {
                      "name": "Bulbs"
                    },
                    "position": {
                      "basis": 154
                    },
                    "props": {
                      "direction": "column"
                    },
                    "type": "ia.container.flex"
                  },
                  {
                    "children": [
                      {
                        "children": [
                          {
                            "meta": {
                              "name": "Label"
                            },
                            "position": {
                              "basis": "232px"
                            },
                            "props": {
                              "text": "Plug 1",
                              "textStyle": {
                                "color": "#800080",
                                "fontFamily": "Helvetica",
                                "fontSize": "calc(0.8 * (1.0vmin + 1.0vmax))",
                                "fontWeight": "bold",
                                "marginLeft": 45
                              }
                            },
                            "type": "ia.display.label"
                          }
                        ],
                        "meta": {
                          "name": "FlexContainer"
                        },
                        "position": {
                          "basis": "94px"
                        },
                        "type": "ia.container.flex"
                      },
                      {
                        "children": [
                          {
                            "children": [
                              {
                                "events": {
                                  "component": {
                                    "onActionPerformed": {
                                      "config": {
                                        "script": "\tsystem.cirruslink.engine.publish(\"Chariot\n\tSCADA\",\"house/livingroom/bulb1\",str(\n\t\"toggle\").encode(),0,0)"
                                      },
                                      "scope": "G",
                                      "type": "script"
                                    }
                                  }
                                },
                                "meta": {
                                  "name": "ToggleSwitch"
                                },
                                "position": {
                                  "basis": "70px"
                                },
                                "propConfig": {
                                  "props.selected": {
                                    "binding": {
                                      "config": {
                                        "bidirectional": true,
                                        "fallbackDelay": 2.5,
                                        "mode": "direct",
                                        "tagPath": "[MQTT Engine]Edge Nodes/My Devices/Node-Red/Sparkplug Device/house/livingroom/plug1.value"
                                      },
                                      "type": "tag"
                                    }
                                  }
                                },
                                "props": {
                                  "color": {
                                    "selected": "#FF47FF",
                                    "unselected": "#800080"
                                  },
                                  "label": {
                                    "text": null
                                  },
                                  "style": {
                                    "marginTop": 0
                                  }
                                },
                                "type": "ia.input.toggle-switch"
                              },
                              {
                                "meta": {
                                  "name": "Label"
                                },
                                "position": {
                                  "basis": "50px"
                                },
                                "propConfig": {
                                  "props.text": {
                                    "binding": {
                                      "config": {
                                        "fallbackDelay": 2.5,
                                        "mode": "direct",
                                        "tagPath": "[MQTT Engine]Edge Nodes/My Devices/Node-Red/Sparkplug Device/house/livingroom/plug1.value"
                                      },
                                      "transforms": [
                                        {
                                          "fallback": null,
                                          "inputType": "expression",
                                          "mappings": [
                                            {
                                              "input": "true",
                                              "output": "ON"
                                            },
                                            {
                                              "input": "false",
                                              "output": "OFF"
                                            }
                                          ],
                                          "outputType": "scalar",
                                          "type": "map"
                                        }
                                      ],
                                      "type": "tag"
                                    }
                                  }
                                },
                                "props": {
                                  "textStyle": {
                                    "fontSize": "calc(0.9 * (1.0vmin + 1.0vmax))"
                                  }
                                },
                                "type": "ia.display.label"
                              }
                            ],
                            "meta": {
                              "name": "FlexContainer"
                            },
                            "position": {
                              "basis": "110px"
                            },
                            "type": "ia.container.flex"
                          }
                        ],
                        "meta": {
                          "name": "switch"
                        },
                        "position": {
                          "basis": "200px"
                        },
                        "type": "ia.container.flex"
                      },
                      {
                        "children": [
                          {
                            "meta": {
                              "name": "Label"
                            },
                            "position": {
                              "basis": "232px"
                            },
                            "props": {
                              "text": "Plug 2",
                              "textStyle": {
                                "color": "#800080",
                                "fontFamily": "Helvetica",
                                "fontSize": "calc(0.8 * (1.0vmin + 1.0vmax))",
                                "fontWeight": "bold",
                                "marginLeft": 45
                              }
                            },
                            "type": "ia.display.label"
                          }
                        ],
                        "meta": {
                          "name": "FlexContainer_0"
                        },
                        "position": {
                          "basis": "94px"
                        },
                        "type": "ia.container.flex"
                      },
                      {
                        "children": [
                          {
                            "children": [
                              {
                                "events": {
                                  "component": {
                                    "onActionPerformed": {
                                      "config": {
                                        "script": "\tsystem.cirruslink.engine.publish(\"Chariot\n\tSCADA\",\"house/livingroom/bulb1\",str(\n\t\"toggle\").encode(),0,0)"
                                      },
                                      "scope": "G",
                                      "type": "script"
                                    }
                                  }
                                },
                                "meta": {
                                  "name": "ToggleSwitch"
                                },
                                "position": {
                                  "basis": "70px"
                                },
                                "propConfig": {
                                  "props.selected": {
                                    "binding": {
                                      "config": {
                                        "bidirectional": true,
                                        "fallbackDelay": 2.5,
                                        "mode": "direct",
                                        "tagPath": "[MQTT Engine]Edge Nodes/My Devices/Node-Red/Sparkplug Device/house/livingroom/plug2.value"
                                      },
                                      "type": "tag"
                                    }
                                  }
                                },
                                "props": {
                                  "color": {
                                    "selected": "#FF47FF",
                                    "unselected": "#800080"
                                  },
                                  "label": {
                                    "text": null
                                  },
                                  "style": {
                                    "marginTop": 0
                                  }
                                },
                                "type": "ia.input.toggle-switch"
                              },
                              {
                                "meta": {
                                  "name": "Label"
                                },
                                "position": {
                                  "basis": "50px"
                                },
                                "propConfig": {
                                  "props.text": {
                                    "binding": {
                                      "config": {
                                        "fallbackDelay": 2.5,
                                        "mode": "direct",
                                        "tagPath": "[MQTT Engine]Edge Nodes/My Devices/Node-Red/Sparkplug Device/house/livingroom/plug2.value"
                                      },
                                      "transforms": [
                                        {
                                          "fallback": null,
                                          "inputType": "expression",
                                          "mappings": [
                                            {
                                              "input": "true",
                                              "output": "ON"
                                            },
                                            {
                                              "input": "false",
                                              "output": "OFF"
                                            }
                                          ],
                                          "outputType": "scalar",
                                          "type": "map"
                                        }
                                      ],
                                      "type": "tag"
                                    }
                                  }
                                },
                                "props": {
                                  "textStyle": {
                                    "fontSize": "calc(0.9 * (1.0vmin + 1.0vmax))"
                                  }
                                },
                                "type": "ia.display.label"
                              }
                            ],
                            "meta": {
                              "name": "FlexContainer"
                            },
                            "position": {
                              "basis": "110px"
                            },
                            "type": "ia.container.flex"
                          }
                        ],
                        "meta": {
                          "name": "switch_0"
                        },
                        "position": {
                          "basis": "200px"
                        },
                        "type": "ia.container.flex"
                      },
                      {
                        "children": [
                          {
                            "meta": {
                              "name": "Label"
                            },
                            "position": {
                              "basis": "232px"
                            },
                            "props": {
                              "text": "Plug 2",
                              "textStyle": {
                                "color": "#800080",
                                "fontFamily": "Helvetica",
                                "fontSize": "calc(0.8 * (1.0vmin + 1.0vmax))",
                                "fontWeight": "bold",
                                "marginLeft": 45
                              }
                            },
                            "type": "ia.display.label"
                          }
                        ],
                        "meta": {
                          "name": "FlexContainer_1"
                        },
                        "position": {
                          "basis": "94px"
                        },
                        "type": "ia.container.flex"
                      },
                      {
                        "children": [
                          {
                            "children": [
                              {
                                "events": {
                                  "component": {
                                    "onActionPerformed": {
                                      "config": {
                                        "script": "\tsystem.cirruslink.engine.publish(\"Chariot\n\tSCADA\",\"house/livingroom/bulb1\",str(\n\t\"toggle\").encode(),0,0)"
                                      },
                                      "scope": "G",
                                      "type": "script"
                                    }
                                  }
                                },
                                "meta": {
                                  "name": "ToggleSwitch"
                                },
                                "position": {
                                  "basis": "70px"
                                },
                                "propConfig": {
                                  "props.selected": {
                                    "binding": {
                                      "config": {
                                        "bidirectional": true,
                                        "fallbackDelay": 2.5,
                                        "mode": "direct",
                                        "tagPath": "[MQTT Engine]Edge Nodes/My Devices/Node-Red/Sparkplug Device/house/livingroom/plug3.value"
                                      },
                                      "type": "tag"
                                    }
                                  }
                                },
                                "props": {
                                  "color": {
                                    "selected": "#FF47FF",
                                    "unselected": "#800080"
                                  },
                                  "label": {
                                    "text": null
                                  },
                                  "style": {
                                    "marginTop": 0
                                  }
                                },
                                "type": "ia.input.toggle-switch"
                              },
                              {
                                "meta": {
                                  "name": "Label"
                                },
                                "position": {
                                  "basis": "50px"
                                },
                                "propConfig": {
                                  "props.text": {
                                    "binding": {
                                      "config": {
                                        "fallbackDelay": 2.5,
                                        "mode": "direct",
                                        "tagPath": "[MQTT Engine]Edge Nodes/My Devices/Node-Red/Sparkplug Device/house/livingroom/plug3.value"
                                      },
                                      "transforms": [
                                        {
                                          "fallback": null,
                                          "inputType": "expression",
                                          "mappings": [
                                            {
                                              "input": "true",
                                              "output": "ON"
                                            },
                                            {
                                              "input": "false",
                                              "output": "OFF"
                                            }
                                          ],
                                          "outputType": "scalar",
                                          "type": "map"
                                        }
                                      ],
                                      "type": "tag"
                                    }
                                  }
                                },
                                "props": {
                                  "textStyle": {
                                    "fontSize": "calc(0.9 * (1.0vmin + 1.0vmax))"
                                  }
                                },
                                "type": "ia.display.label"
                              }
                            ],
                            "meta": {
                              "name": "FlexContainer"
                            },
                            "position": {
                              "basis": "110px"
                            },
                            "type": "ia.container.flex"
                          }
                        ],
                        "meta": {
                          "name": "switch_1"
                        },
                        "position": {
                          "basis": "200px"
                        },
                        "type": "ia.container.flex"
                      }
                    ],
                    "meta": {
                      "name": "Plugs"
                    },
                    "position": {
                      "basis": 154,
                      "grow": 1
                    },
                    "props": {
                      "direction": "column",
                      "style": {
                        "borderLeftStyle": "solid",
                        "borderTopStyle": "none"
                      }
                    },
                    "type": "ia.container.flex"
                  },
                  {
                    "children": [
                      {
                        "children": [
                          {
                            "meta": {
                              "name": "Label"
                            },
                            "position": {
                              "basis": "232px"
                            },
                            "props": {
                              "text": "Air conditioner",
                              "textStyle": {
                                "color": "#800080",
                                "fontFamily": "Helvetica",
                                "fontSize": "calc(0.8 * (1.0vmin + 1.0vmax))",
                                "fontWeight": "bold",
                                "marginLeft": 35
                              }
                            },
                            "type": "ia.display.label"
                          }
                        ],
                        "meta": {
                          "name": "FlexContainer"
                        },
                        "position": {
                          "basis": "49px"
                        },
                        "props": {
                          "style": {
                            "marginLeft": 0
                          }
                        },
                        "type": "ia.container.flex"
                      },
                      {
                        "children": [
                          {
                            "meta": {
                              "name": "ToggleSwitch",
                              "tooltip": {
                                "width": "calc(1.1 * (1.0vmin + 1.0vmax))"
                              }
                            },
                            "position": {
                              "basis": "56px"
                            },
                            "propConfig": {
                              "props.selected": {
                                "binding": {
                                  "config": {
                                    "bidirectional": true,
                                    "fallbackDelay": 2.5,
                                    "mode": "direct",
                                    "tagPath": "[MQTT Engine]Edge Nodes/My Devices/Node-Red/Sparkplug Device/house/livingroom/aircond/power.value"
                                  },
                                  "type": "tag"
                                }
                              }
                            },
                            "props": {
                              "color": {
                                "selected": "#FF47FF",
                                "unselected": "#800080"
                              },
                              "label": {
                                "text": null
                              },
                              "style": {
                                "fontSize": "calc(1.1 * (1.0vmin + 1.0vmax))",
                                "marginTop": 0
                              }
                            },
                            "type": "ia.input.toggle-switch"
                          },
                          {
                            "meta": {
                              "name": "Label"
                            },
                            "position": {
                              "basis": "31px"
                            },
                            "propConfig": {
                              "props.text": {
                                "binding": {
                                  "config": {
                                    "fallbackDelay": 2.5,
                                    "mode": "direct",
                                    "tagPath": "[MQTT Engine]Edge Nodes/My Devices/Node-Red/Sparkplug Device/house/livingroom/aircond/power.value"
                                  },
                                  "transforms": [
                                    {
                                      "fallback": null,
                                      "inputType": "expression",
                                      "mappings": [
                                        {
                                          "input": "true",
                                          "output": "ON"
                                        },
                                        {
                                          "input": "false",
                                          "output": "OFF"
                                        }
                                      ],
                                      "outputType": "scalar",
                                      "type": "map"
                                    }
                                  ],
                                  "type": "tag"
                                }
                              }
                            },
                            "props": {
                              "style": {
                                "marginLeft": 0,
                                "marginTop": 15
                              },
                              "textStyle": {
                                "fontSize": "calc(0.9 * (1.0vmin + 1.0vmax))"
                              }
                            },
                            "type": "ia.display.label"
                          },
                          {
                            "meta": {
                              "name": "Label_1"
                            },
                            "position": {
                              "basis": "31px"
                            },
                            "propConfig": {
                              "props.text": {
                                "binding": {
                                  "config": {
                                    "fallbackDelay": 2.5,
                                    "mode": "direct",
                                    "tagPath": "[MQTT Engine]Edge Nodes/My Devices/Node-Red/Sparkplug Device/house/livingroom/aircond/temp.value"
                                  },
                                  "type": "tag"
                                }
                              }
                            },
                            "props": {
                              "style": {
                                "backgroundColor": "#F4ECFFF2",
                                "borderBottomLeftRadius": 10,
                                "borderBottomRightRadius": 10,
                                "borderStyle": "double",
                                "borderTopLeftRadius": 10,
                                "borderTopRightRadius": 10,
                                "outlineWidth": "calc(1.1 * (1.0vmin + 1.0vmax))"
                              },
                              "textStyle": {
                                "fontSize": "calc(1.1 * (1.0vmin + 1.0vmax))",
                                "marginLeft": 0
                              }
                            },
                            "type": "ia.display.label"
                          }
                        ],
                        "meta": {
                          "name": "FlexContainer_0"
                        },
                        "position": {
                          "basis": "41px"
                        },
                        "type": "ia.container.flex"
                      },
                      {
                        "children": [
                          {
                            "meta": {
                              "name": "Label"
                            },
                            "position": {
                              "basis": "232px"
                            },
                            "props": {
                              "text": "TV",
                              "textStyle": {
                                "color": "#800080",
                                "fontFamily": "Helvetica",
                                "fontSize": "calc(1.1 * (1.0vmin + 1.0vmax))",
                                "fontWeight": "bold",
                                "marginLeft": 50
                              }
                            },
                            "type": "ia.display.label"
                          }
                        ],
                        "meta": {
                          "name": "FlexContainer_1"
                        },
                        "position": {
                          "basis": "32px"
                        },
                        "type": "ia.container.flex"
                      },
                      {
                        "children": [
                          {
                            "meta": {
                              "name": "ToggleSwitch"
                            },
                            "position": {
                              "basis": "57px"
                            },
                            "propConfig": {
                              "props.selected": {
                                "binding": {
                                  "config": {
                                    "bidirectional": true,
                                    "fallbackDelay": 2.5,
                                    "mode": "direct",
                                    "tagPath": "[MQTT Engine]Edge Nodes/My Devices/Node-Red/Sparkplug Device/house/livingroom/tv/power.value"
                                  },
                                  "type": "tag"
                                }
                              }
                            },
                            "props": {
                              "color": {
                                "selected": "#FF47FF",
                                "unselected": "#800080"
                              },
                              "label": {
                                "text": null
                              },
                              "style": {
                                "marginTop": 0
                              }
                            },
                            "type": "ia.input.toggle-switch"
                          },
                          {
                            "meta": {
                              "name": "Label"
                            },
                            "position": {
                              "basis": "50px"
                            },
                            "propConfig": {
                              "props.text": {
                                "binding": {
                                  "config": {
                                    "fallbackDelay": 2.5,
                                    "mode": "direct",
                                    "tagPath": "[MQTT Engine]Edge Nodes/My Devices/Node-Red/Sparkplug Device/house/livingroom/tv/power.value"
                                  },
                                  "transforms": [
                                    {
                                      "fallback": null,
                                      "inputType": "expression",
                                      "mappings": [
                                        {
                                          "input": "true",
                                          "output": "ON"
                                        },
                                        {
                                          "input": "false",
                                          "output": "OFF"
                                        }
                                      ],
                                      "outputType": "scalar",
                                      "type": "map"
                                    }
                                  ],
                                  "type": "tag"
                                }
                              }
                            },
                            "props": {
                              "textStyle": {
                                "fontSize": "calc(0.9 * (1.0vmin + 1.0vmax))"
                              }
                            },
                            "type": "ia.display.label"
                          }
                        ],
                        "meta": {
                          "name": "FlexContainer_2"
                        },
                        "position": {
                          "basis": "47px"
                        },
                        "type": "ia.container.flex"
                      },
                      {
                        "children": [
                          {
                            "children": [
                              {
                                "meta": {
                                  "name": "Label"
                                },
                                "position": {
                                  "basis": "42px"
                                },
                                "props": {
                                  "text": "Channel",
                                  "textStyle": {
                                    "fontSize": "calc(0.9 * (1.0vmin + 1.0vmax))"
                                  }
                                },
                                "type": "ia.display.label"
                              }
                            ],
                            "meta": {
                              "name": "FlexContainer"
                            },
                            "position": {
                              "basis": 180
                            },
                            "type": "ia.container.flex"
                          },
                          {
                            "children": [
                              {
                                "children": [
                                  {
                                    "meta": {
                                      "name": "Label"
                                    },
                                    "position": {
                                      "basis": "79px"
                                    },
                                    "propConfig": {
                                      "props.text": {
                                        "binding": {
                                          "config": {
                                            "fallbackDelay": 2.5,
                                            "mode": "direct",
                                            "tagPath": "[MQTT Engine]Edge Nodes/My Devices/Node-Red/Sparkplug Device/house/livingroom/tv/channel.value"
                                          },
                                          "type": "tag"
                                        }
                                      }
                                    },
                                    "props": {
                                      "style": {
                                        "backgroundColor": "#F4ECFFF2",
                                        "borderBottomLeftRadius": 10,
                                        "borderBottomRightRadius": 10,
                                        "borderStyle": "double",
                                        "borderTopLeftRadius": 10,
                                        "borderTopRightRadius": 10
                                      },
                                      "textStyle": {
                                        "fontSize": "calc(0.9 * (1.0vmin + 1.0vmax))",
                                        "marginLeft": 25
                                      }
                                    },
                                    "type": "ia.display.label"
                                  }
                                ],
                                "meta": {
                                  "name": "FlexContainer"
                                },
                                "position": {
                                  "basis": "51px"
                                },
                                "type": "ia.container.flex"
                              }
                            ],
                            "meta": {
                              "name": "FlexContainer_0"
                            },
                            "position": {
                              "basis": 100
                            },
                            "props": {
                              "direction": "column"
                            },
                            "type": "ia.container.flex"
                          }
                        ],
                        "meta": {
                          "name": "FlexContainer_3"
                        },
                        "position": {
                          "basis": "92.2px"
                        },
                        "type": "ia.container.flex"
                      }
                    ],
                    "meta": {
                      "name": "AirCTV"
                    },
                    "position": {
                      "basis": "154px"
                    },
                    "props": {
                      "direction": "column",
                      "style": {
                        "borderLeftStyle": "solid"
                      }
                    },
                    "type": "ia.container.flex"
                  }
                ],
                "meta": {
                  "name": "Bulbs"
                },
                "position": {
                  "basis": 462
                },
                "props": {
                  "style": {
                    "backgroundColor": "#D5D5D5",
                    "borderBottomLeftRadius": 15,
                    "borderBottomRightRadius": 15,
                    "borderStyle": "solid",
                    "borderTopLeftRadius": 15,
                    "borderTopRightRadius": 15,
                    "marginLeft": 50,
                    "marginTop": 15
                  }
                },
                "type": "ia.container.flex"
              }
            ],
            "meta": {
              "name": "PlugAndBulb"
            },
            "position": {
              "basis": "267px"
            },
            "props": {
              "style": {
                "marginLeft": 0
              }
            },
            "type": "ia.container.flex"
          }
        ],
        "meta": {
          "name": "FlexContainer"
        },
        "position": {
          "basis": "200px",
          "grow": 1
        },
        "props": {
          "direction": "column"
        },
        "type": "ia.container.flex"
      }
    ],
    "meta": {
      "name": "root"
    },
    "props": {
      "direction": "column"
    },
    "type": "ia.container.flex"
  }
}