{
  "custom": {},
  "params": {},
  "props": {},
  "root": {
    "children": [
      {
        "children": [
          {
            "meta": {
              "name": "ftn_logo"
            },
            "position": {
              "basis": "800px"
            },
            "props": {
              "fit": {
                "mode": "contain"
              },
              "source": "/system/images/ftn_logo.jpg"
            },
            "type": "ia.display.image"
          }
        ],
        "meta": {
          "name": "FlexContainer"
        },
        "position": {
          "basis": "113px"
        },
        "type": "ia.container.flex"
      },
      {
        "children": [
          {
            "meta": {
              "name": "Label"
            },
            "position": {
              "basis": "23px"
            },
            "props": {
              "text": "My Smart Home                                              v1.0",
              "textStyle": {
                "color": "#800080",
                "fontWeight": "bold"
              }
            },
            "type": "ia.display.label"
          },
          {
            "meta": {
              "name": "TextArea"
            },
            "position": {
              "basis": "163px"
            },
            "props": {
              "text": " Application allows you to control all IoT devices inside your home on fast and efficiant way. All you need is application which is supported on all OS (Windows, MacOS, Linux), Desktop/mobile devices. Few clicks allows you to spend energy wisely and to have full control in your home even if you are not at home. \n\nFor questions or help please visit site or contact us directly via mail. We will appratiate your feedback and give our best to help you or improve our application according your needs!\n"
            },
            "type": "ia.input.text-area"
          },
          {
            "children": [
              {
                "children": [
                  {
                    "children": [
                      {
                        "meta": {
                          "name": "FlexContainer"
                        },
                        "position": {
                          "basis": "42px"
                        },
                        "type": "ia.container.flex"
                      },
                      {
                        "children": [
                          {
                            "meta": {
                              "name": "Icon"
                            },
                            "position": {
                              "basis": "34px"
                            },
                            "props": {
                              "color": "#555555",
                              "path": "material/link"
                            },
                            "type": "ia.display.icon"
                          }
                        ],
                        "meta": {
                          "name": "FlexContainer_0"
                        },
                        "position": {
                          "basis": "21px"
                        },
                        "type": "ia.container.flex"
                      },
                      {
                        "children": [
                          {
                            "meta": {
                              "name": "Icon"
                            },
                            "position": {
                              "basis": "24px"
                            },
                            "props": {
                              "color": "#555555",
                              "path": "material/mail"
                            },
                            "type": "ia.display.icon"
                          }
                        ],
                        "meta": {
                          "name": "FlexContainer_1"
                        },
                        "position": {
                          "basis": "46px"
                        },
                        "type": "ia.container.flex"
                      },
                      {
                        "children": [
                          {
                            "meta": {
                              "name": "Icon"
                            },
                            "position": {
                              "basis": "30px"
                            },
                            "props": {
                              "color": "#555555",
                              "path": "material/phone"
                            },
                            "type": "ia.display.icon"
                          }
                        ],
                        "meta": {
                          "name": "FlexContainer_2"
                        },
                        "position": {
                          "basis": "24px"
                        },
                        "type": "ia.container.flex"
                      }
                    ],
                    "meta": {
                      "name": "FlexContainer"
                    },
                    "position": {
                      "basis": "34px"
                    },
                    "props": {
                      "direction": "column"
                    },
                    "type": "ia.container.flex"
                  },
                  {
                    "children": [
                      {
                        "meta": {
                          "name": "Label_0"
                        },
                        "position": {
                          "basis": "40px"
                        },
                        "props": {
                          "text": "Contact: ",
                          "textStyle": {
                            "color": "#FF00FF"
                          }
                        },
                        "type": "ia.display.label"
                      },
                      {
                        "meta": {
                          "name": "Link"
                        },
                        "position": {
                          "basis": "22px"
                        },
                        "props": {
                          "target": "tab",
                          "text": "Inductive Automation",
                          "url": "https://docs.inductiveautomation.com/display/DOC80"
                        },
                        "type": "ia.navigation.link"
                      },
                      {
                        "meta": {
                          "name": "Label_1"
                        },
                        "position": {
                          "basis": "20px"
                        },
                        "props": {
                          "text": "ujicmilica98@gmail.com\n\n"
                        },
                        "type": "ia.display.label"
                      },
                      {
                        "meta": {
                          "name": "Label_2"
                        },
                        "position": {
                          "basis": "27px"
                        },
                        "props": {
                          "text": "ujic.h17.2021@uns.ac.rs"
                        },
                        "type": "ia.display.label"
                      },
                      {
                        "meta": {
                          "name": "Label_3"
                        },
                        "position": {
                          "basis": "20px"
                        },
                        "props": {
                          "text": "064 57 55 889"
                        },
                        "type": "ia.display.label"
                      }
                    ],
                    "meta": {
                      "name": "FlexContainer_0"
                    },
                    "position": {
                      "basis": "329px"
                    },
                    "props": {
                      "direction": "column"
                    },
                    "type": "ia.container.flex"
                  }
                ],
                "meta": {
                  "name": "FlexContainer"
                },
                "position": {
                  "basis": "438px"
                },
                "type": "ia.container.flex"
              },
              {
                "children": [
                  {
                    "meta": {
                      "name": "Label"
                    },
                    "position": {
                      "basis": "42px"
                    },
                    "props": {
                      "text": "Faculty of Technical Sciences,",
                      "textStyle": {
                        "fontSize": "calc(1 * (1.0vmin + 1.0vmax))"
                      }
                    },
                    "type": "ia.display.label"
                  },
                  {
                    "meta": {
                      "name": "Label_0"
                    },
                    "position": {
                      "basis": "34px"
                    },
                    "props": {
                      "text": "University of Novi Sad,",
                      "textStyle": {
                        "fontSize": "calc(1 * (1.0vmin + 1.0vmax))"
                      }
                    },
                    "type": "ia.display.label"
                  },
                  {
                    "meta": {
                      "name": "Label_1"
                    },
                    "position": {
                      "basis": "60px"
                    },
                    "props": {
                      "text": "Chair for Mechatronics, robotics and automation engineering",
                      "textStyle": {
                        "fontSize": "calc(1 * (1.0vmin + 1.0vmax))"
                      }
                    },
                    "type": "ia.display.label"
                  },
                  {
                    "meta": {
                      "name": "Label_2"
                    },
                    "position": {
                      "basis": "32px"
                    },
                    "props": {
                      "text": "Milica Ujic, H1 7/2021",
                      "textStyle": {
                        "color": "#800080",
                        "fontSize": "calc(1 * (1.0vmin + 1.0vmax))",
                        "fontWeight": "bold"
                      }
                    },
                    "type": "ia.display.label"
                  }
                ],
                "meta": {
                  "name": "FlexContainer_0"
                },
                "position": {
                  "basis": "200px",
                  "grow": 1
                },
                "props": {
                  "direction": "column"
                },
                "type": "ia.container.flex"
              }
            ],
            "meta": {
              "name": "FlexContainer"
            },
            "position": {
              "basis": "200px"
            },
            "type": "ia.container.flex"
          }
        ],
        "meta": {
          "name": "FlexContainer_0"
        },
        "position": {
          "basis": 400
        },
        "props": {
          "direction": "column"
        },
        "type": "ia.container.flex"
      }
    ],
    "meta": {
      "name": "root"
    },
    "props": {
      "direction": "column"
    },
    "type": "ia.container.flex"
  }
}