{
  "custom": {},
  "params": {},
  "props": {},
  "root": {
    "children": [
      {
        "children": [
          {
            "events": {
              "dom": {
                "onClick": {
                  "config": {
                    "page": "/hallway_report"
                  },
                  "scope": "C",
                  "type": "nav"
                }
              }
            },
            "meta": {
              "name": "Hallway"
            },
            "position": {
              "basis": "123px",
              "shrink": 0
            },
            "props": {
              "image": {
                "icon": {
                  "color": "#D900D9",
                  "path": "material/arrow_back_ios"
                },
                "style": {
                  "backgroundColor": "#F5F5F5",
                  "fontSize": "calc(0.8 * (1.0vmin + 1.0vmax))"
                }
              },
              "style": {
                "backgroundColor": "#F5F5F5",
                "borderBottomStyle": "solid",
                "borderLeftStyle": "solid",
                "borderRightStyle": "solid",
                "borderTopStyle": "solid"
              },
              "text": "Hallway",
              "textStyle": {
                "color": "#C429C4",
                "fontSize": "calc(0.8 * (1.0vmin + 1.0vmax))"
              }
            },
            "type": "ia.input.button"
          }
        ],
        "meta": {
          "name": "FlexContainer"
        },
        "position": {
          "basis": "71px"
        },
        "type": "ia.container.flex"
      },
      {
        "meta": {
          "name": "ReportViewer"
        },
        "position": {
          "basis": "700px"
        },
        "props": {
          "page": 1,
          "pageCount": 276,
          "source": "Garage"
        },
        "type": "ia.reporting.report-viewer"
      }
    ],
    "meta": {
      "name": "root"
    },
    "props": {
      "direction": "column"
    },
    "type": "ia.container.flex"
  }
}