{
  "custom": {},
  "params": {},
  "props": {},
  "root": {
    "children": [
      {
        "meta": {
          "name": "AlarmStatusTable"
        },
        "position": {
          "basis": "400px"
        },
        "props": {
          "columns": {
            "active": {
              "displayPath": {
                "enabled": false
              },
              "source": {
                "enabled": false
              }
            }
          },
          "filters": {
            "active": {
              "priorities": {
                "critical": false,
                "high": false,
                "low": false,
                "medium": false
              },
              "states": {
                "activeAcked": false,
                "activeUnacked": false,
                "clearUnacked": false
              }
            }
          }
        },
        "type": "ia.display.alarmstatustable"
      }
    ],
    "meta": {
      "name": "root"
    },
    "props": {
      "direction": "column"
    },
    "type": "ia.container.flex"
  }
}