{
  "custom": {},
  "params": {},
  "props": {
    "defaultSize": {
      "width": 819
    }
  },
  "root": {
    "children": [
      {
        "children": [
          {
            "children": [
              {
                "meta": {
                  "name": "kitchen"
                },
                "position": {
                  "basis": "572px"
                },
                "props": {
                  "source": "/system/images/kitchen.jpg",
                  "style": {
                    "marginLeft": 50,
                    "marginTop": -30
                  }
                },
                "type": "ia.display.image"
              }
            ],
            "meta": {
              "name": "FlexContainer"
            },
            "position": {
              "basis": "573px"
            },
            "type": "ia.container.flex"
          },
          {
            "children": [
              {
                "children": [
                  {
                    "children": [
                      {
                        "children": [
                          {
                            "meta": {
                              "name": "Label"
                            },
                            "position": {
                              "basis": "232px"
                            },
                            "props": {
                              "text": "Microwave",
                              "textStyle": {
                                "color": "#800080",
                                "fontFamily": "Helvetica",
                                "fontSize": "calc(1 * (1.0vmin + 1.0vmax))",
                                "fontWeight": "bold",
                                "marginLeft": 45
                              }
                            },
                            "type": "ia.display.label"
                          }
                        ],
                        "meta": {
                          "name": "FlexContainer"
                        },
                        "position": {
                          "basis": "69px"
                        },
                        "props": {
                          "style": {
                            "marginLeft": 10
                          }
                        },
                        "type": "ia.container.flex"
                      },
                      {
                        "children": [
                          {
                            "children": [
                              {
                                "meta": {
                                  "name": "microwave"
                                },
                                "position": {
                                  "basis": "100px"
                                },
                                "props": {
                                  "fit": {
                                    "mode": "contain"
                                  },
                                  "source": "/system/images/microwave.png",
                                  "style": {
                                    "marginLeft": 10
                                  }
                                },
                                "type": "ia.display.image"
                              }
                            ],
                            "meta": {
                              "name": "FlexContainer"
                            },
                            "position": {
                              "basis": "107px"
                            },
                            "type": "ia.container.flex"
                          },
                          {
                            "children": [
                              {
                                "children": [
                                  {
                                    "children": [
                                      {
                                        "meta": {
                                          "name": "ToggleSwitch"
                                        },
                                        "position": {
                                          "basis": "70px"
                                        },
                                        "propConfig": {
                                          "props.selected": {
                                            "binding": {
                                              "config": {
                                                "bidirectional": true,
                                                "fallbackDelay": 2.5,
                                                "mode": "direct",
                                                "tagPath": "[MQTT Engine]Edge Nodes/My Devices/Node-Red/Sparkplug Device/house/kitchen/microwave.value"
                                              },
                                              "type": "tag"
                                            }
                                          }
                                        },
                                        "props": {
                                          "color": {
                                            "selected": "#FF47FF",
                                            "unselected": "#800080"
                                          },
                                          "label": {
                                            "text": null
                                          },
                                          "style": {
                                            "marginTop": 18
                                          }
                                        },
                                        "type": "ia.input.toggle-switch"
                                      }
                                    ],
                                    "meta": {
                                      "name": "FlexContainer"
                                    },
                                    "position": {
                                      "basis": "78px"
                                    },
                                    "type": "ia.container.flex"
                                  },
                                  {
                                    "meta": {
                                      "name": "Label"
                                    },
                                    "position": {
                                      "basis": "50px"
                                    },
                                    "propConfig": {
                                      "props.text": {
                                        "binding": {
                                          "config": {
                                            "fallbackDelay": 2.5,
                                            "mode": "direct",
                                            "tagPath": "[MQTT Engine]Edge Nodes/My Devices/Node-Red/Sparkplug Device/house/kitchen/microwave.value"
                                          },
                                          "transforms": [
                                            {
                                              "fallback": null,
                                              "inputType": "expression",
                                              "mappings": [
                                                {
                                                  "input": "true",
                                                  "output": "ON"
                                                },
                                                {
                                                  "input": "false",
                                                  "output": "OFF"
                                                }
                                              ],
                                              "outputType": "scalar",
                                              "type": "map"
                                            }
                                          ],
                                          "type": "tag"
                                        }
                                      }
                                    },
                                    "props": {
                                      "style": {
                                        "fontSize": "calc(0.9 * (1.0vmin + 1.0vmax))",
                                        "marginLeft": -20,
                                        "marginTop": 15
                                      }
                                    },
                                    "type": "ia.display.label"
                                  }
                                ],
                                "meta": {
                                  "name": "FlexContainer"
                                },
                                "position": {
                                  "basis": 201
                                },
                                "type": "ia.container.flex"
                              }
                            ],
                            "meta": {
                              "name": "Power"
                            },
                            "position": {
                              "basis": "94px"
                            },
                            "props": {
                              "direction": "column"
                            },
                            "type": "ia.container.flex"
                          }
                        ],
                        "meta": {
                          "name": "FlexContainer_0"
                        },
                        "position": {
                          "basis": "200px",
                          "grow": 1
                        },
                        "type": "ia.container.flex"
                      }
                    ],
                    "meta": {
                      "name": "Microwave"
                    },
                    "position": {
                      "basis": "200px"
                    },
                    "props": {
                      "direction": "column"
                    },
                    "type": "ia.container.flex"
                  },
                  {
                    "children": [
                      {
                        "children": [
                          {
                            "meta": {
                              "name": "Label"
                            },
                            "position": {
                              "basis": "232px"
                            },
                            "props": {
                              "text": "Diswasher",
                              "textStyle": {
                                "color": "#800080",
                                "fontFamily": "Helvetica",
                                "fontSize": "calc(1.1 * (1.0vmin + 1.0vmax))",
                                "fontWeight": "bold",
                                "marginLeft": 50
                              }
                            },
                            "type": "ia.display.label"
                          }
                        ],
                        "meta": {
                          "name": "FlexContainer"
                        },
                        "position": {
                          "basis": "61px"
                        },
                        "type": "ia.container.flex"
                      },
                      {
                        "children": [
                          {
                            "children": [
                              {
                                "meta": {
                                  "name": "dishwasher"
                                },
                                "position": {
                                  "basis": "100px"
                                },
                                "props": {
                                  "fit": {
                                    "mode": "contain"
                                  },
                                  "source": "/system/images/dishwasher.png"
                                },
                                "type": "ia.display.image"
                              }
                            ],
                            "meta": {
                              "name": "FlexContainer"
                            },
                            "position": {
                              "basis": "135px"
                            },
                            "type": "ia.container.flex"
                          },
                          {
                            "meta": {
                              "name": "ToggleSwitch"
                            },
                            "position": {
                              "basis": "70px"
                            },
                            "propConfig": {
                              "props.selected": {
                                "binding": {
                                  "config": {
                                    "bidirectional": true,
                                    "fallbackDelay": 2.5,
                                    "mode": "direct",
                                    "tagPath": "[MQTT Engine]Edge Nodes/My Devices/Node-Red/Sparkplug Device/house/kitchen/dishwasher.value"
                                  },
                                  "type": "tag"
                                }
                              }
                            },
                            "props": {
                              "color": {
                                "selected": "#FF47FF",
                                "unselected": "#800080"
                              },
                              "label": {
                                "text": null
                              },
                              "style": {
                                "marginTop": 23
                              }
                            },
                            "type": "ia.input.toggle-switch"
                          },
                          {
                            "meta": {
                              "name": "Label"
                            },
                            "position": {
                              "basis": "50px"
                            },
                            "propConfig": {
                              "props.text": {
                                "binding": {
                                  "config": {
                                    "fallbackDelay": 2.5,
                                    "mode": "direct",
                                    "tagPath": "[MQTT Engine]Edge Nodes/My Devices/Node-Red/Sparkplug Device/house/kitchen/dishwasher.value"
                                  },
                                  "transforms": [
                                    {
                                      "fallback": null,
                                      "inputType": "expression",
                                      "mappings": [
                                        {
                                          "input": "true",
                                          "output": "ON"
                                        },
                                        {
                                          "input": "false",
                                          "output": "OFF"
                                        }
                                      ],
                                      "outputType": "scalar",
                                      "type": "map"
                                    }
                                  ],
                                  "type": "tag"
                                }
                              }
                            },
                            "props": {
                              "textStyle": {
                                "fontSize": "calc(0.9 * (1.0vmin + 1.0vmax))"
                              }
                            },
                            "type": "ia.display.label"
                          }
                        ],
                        "meta": {
                          "name": "FlexContainer_0"
                        },
                        "position": {
                          "basis": "200px"
                        },
                        "type": "ia.container.flex"
                      }
                    ],
                    "meta": {
                      "name": "Dishwasher"
                    },
                    "position": {
                      "basis": "200px",
                      "grow": 1
                    },
                    "props": {
                      "direction": "column",
                      "style": {
                        "borderBottomStyle": "hidden",
                        "borderLeftStyle": "hidden",
                        "borderRightStyle": "hidden",
                        "borderTopStyle": "solid"
                      }
                    },
                    "type": "ia.container.flex"
                  }
                ],
                "meta": {
                  "name": "microwaveAndDishwasher"
                },
                "position": {
                  "basis": "224px"
                },
                "props": {
                  "direction": "column",
                  "style": {
                    "backgroundColor": "#D5D5D5",
                    "borderBottomLeftRadius": 15,
                    "borderBottomRightRadius": 15,
                    "borderStyle": "solid",
                    "borderTopLeftRadius": 15,
                    "borderTopRightRadius": 15,
                    "marginBottom": 5,
                    "marginLeft": 25,
                    "marginTop": 5
                  }
                },
                "type": "ia.container.flex"
              }
            ],
            "meta": {
              "name": "MicrowaveAndDishwasher"
            },
            "position": {
              "basis": "242px",
              "grow": 1
            },
            "type": "ia.container.flex"
          }
        ],
        "meta": {
          "name": "FlexContainer"
        },
        "position": {
          "basis": 350
        },
        "type": "ia.container.flex"
      },
      {
        "children": [
          {
            "children": [
              {
                "children": [
                  {
                    "children": [
                      {
                        "children": [
                          {
                            "meta": {
                              "name": "Label"
                            },
                            "position": {
                              "basis": "232px"
                            },
                            "props": {
                              "text": "Bulb 1",
                              "textStyle": {
                                "color": "#800080",
                                "fontFamily": "Helvetica",
                                "fontSize": "calc(1.1 * (1.0vmin + 1.0vmax))",
                                "fontWeight": "bold",
                                "marginLeft": 45
                              }
                            },
                            "type": "ia.display.label"
                          }
                        ],
                        "meta": {
                          "name": "FlexContainer"
                        },
                        "position": {
                          "basis": "94px"
                        },
                        "type": "ia.container.flex"
                      },
                      {
                        "children": [
                          {
                            "meta": {
                              "name": "Icon"
                            },
                            "position": {
                              "basis": "78px"
                            },
                            "propConfig": {
                              "props.color": {
                                "binding": {
                                  "config": {
                                    "fallbackDelay": 2.5,
                                    "mode": "direct",
                                    "tagPath": "[MQTT Engine]Edge Nodes/My Devices/Node-Red/Sparkplug Device/house/kitchen/bulb1"
                                  },
                                  "transforms": [
                                    {
                                      "fallback": "#000000",
                                      "inputType": "expression",
                                      "mappings": [
                                        {
                                          "input": "false",
                                          "output": "#000000"
                                        },
                                        {
                                          "input": "true",
                                          "output": "#AC5F00"
                                        }
                                      ],
                                      "outputType": "color",
                                      "type": "map"
                                    }
                                  ],
                                  "type": "tag"
                                }
                              }
                            },
                            "props": {
                              "path": "material/emoji_objects",
                              "style": {
                                "marginLeft": 35
                              }
                            },
                            "type": "ia.display.icon"
                          }
                        ],
                        "meta": {
                          "name": "FlexContainer_0"
                        },
                        "position": {
                          "basis": "84px"
                        },
                        "type": "ia.container.flex"
                      },
                      {
                        "children": [
                          {
                            "children": [
                              {
                                "events": {
                                  "component": {
                                    "onActionPerformed": {
                                      "config": {
                                        "script": "\tsystem.cirruslink.engine.publish(\"Chariot\n\tSCADA\",\"house/livingroom/bulb1\",str(\n\t\"toggle\").encode(),0,0)"
                                      },
                                      "scope": "G",
                                      "type": "script"
                                    }
                                  }
                                },
                                "meta": {
                                  "name": "ToggleSwitch"
                                },
                                "position": {
                                  "basis": "70px"
                                },
                                "propConfig": {
                                  "props.selected": {
                                    "binding": {
                                      "config": {
                                        "bidirectional": true,
                                        "fallbackDelay": 2.5,
                                        "mode": "direct",
                                        "tagPath": "[MQTT Engine]Edge Nodes/My Devices/Node-Red/Sparkplug Device/house/kitchen/bulb1"
                                      },
                                      "type": "tag"
                                    }
                                  }
                                },
                                "props": {
                                  "color": {
                                    "selected": "#FF47FF",
                                    "unselected": "#800080"
                                  },
                                  "label": {
                                    "text": null
                                  },
                                  "style": {
                                    "marginTop": 23
                                  }
                                },
                                "type": "ia.input.toggle-switch"
                              },
                              {
                                "meta": {
                                  "name": "Label"
                                },
                                "position": {
                                  "basis": "50px"
                                },
                                "propConfig": {
                                  "props.text": {
                                    "binding": {
                                      "config": {
                                        "fallbackDelay": 2.5,
                                        "mode": "direct",
                                        "tagPath": "[MQTT Engine]Edge Nodes/My Devices/Node-Red/Sparkplug Device/house/kitchen/bulb1"
                                      },
                                      "transforms": [
                                        {
                                          "fallback": null,
                                          "inputType": "expression",
                                          "mappings": [
                                            {
                                              "input": "true",
                                              "output": "ON"
                                            },
                                            {
                                              "input": "false",
                                              "output": "OFF"
                                            }
                                          ],
                                          "outputType": "scalar",
                                          "type": "map"
                                        }
                                      ],
                                      "type": "tag"
                                    }
                                  }
                                },
                                "props": {
                                  "textStyle": {
                                    "fontSize": "calc(0.9 * (1.0vmin + 1.0vmax))"
                                  }
                                },
                                "type": "ia.display.label"
                              }
                            ],
                            "meta": {
                              "name": "FlexContainer"
                            },
                            "position": {
                              "basis": "110px"
                            },
                            "type": "ia.container.flex"
                          }
                        ],
                        "meta": {
                          "name": "switch"
                        },
                        "position": {
                          "basis": "200px"
                        },
                        "type": "ia.container.flex"
                      }
                    ],
                    "meta": {
                      "name": "Bulb1"
                    },
                    "position": {
                      "basis": 154
                    },
                    "props": {
                      "direction": "column"
                    },
                    "type": "ia.container.flex"
                  },
                  {
                    "children": [
                      {
                        "children": [
                          {
                            "meta": {
                              "name": "Label"
                            },
                            "position": {
                              "basis": "232px"
                            },
                            "props": {
                              "text": "Plug 1",
                              "textStyle": {
                                "color": "#800080",
                                "fontFamily": "Helvetica",
                                "fontSize": "calc(1.1 * (1.0vmin + 1.0vmax))",
                                "fontWeight": "bold",
                                "marginLeft": 45
                              }
                            },
                            "type": "ia.display.label"
                          }
                        ],
                        "meta": {
                          "name": "FlexContainer"
                        },
                        "position": {
                          "basis": "94px"
                        },
                        "type": "ia.container.flex"
                      },
                      {
                        "children": [
                          {
                            "meta": {
                              "name": "Plug1_ON"
                            },
                            "position": {
                              "basis": "48px"
                            },
                            "propConfig": {
                              "meta.visible": {
                                "binding": {
                                  "config": {
                                    "fallbackDelay": 2.5,
                                    "mode": "direct",
                                    "tagPath": "[MQTT Engine]Edge Nodes/My Devices/Node-Red/Sparkplug Device/house/kitchen/plug1"
                                  },
                                  "transforms": [
                                    {
                                      "fallback": null,
                                      "inputType": "expression",
                                      "mappings": [
                                        {
                                          "input": "true",
                                          "output": true
                                        },
                                        {
                                          "input": "false",
                                          "output": false
                                        }
                                      ],
                                      "outputType": "scalar",
                                      "type": "map"
                                    }
                                  ],
                                  "type": "tag"
                                }
                              }
                            },
                            "props": {
                              "color": "#000000",
                              "path": "material/power",
                              "style": {
                                "marginLeft": 35
                              }
                            },
                            "type": "ia.display.icon"
                          },
                          {
                            "meta": {
                              "name": "Plug1_OFF"
                            },
                            "position": {
                              "basis": "50px"
                            },
                            "propConfig": {
                              "meta.visible": {
                                "binding": {
                                  "config": {
                                    "fallbackDelay": 2.5,
                                    "mode": "direct",
                                    "tagPath": "[MQTT Engine]Edge Nodes/My Devices/Node-Red/Sparkplug Device/house/kitchen/plug1"
                                  },
                                  "transforms": [
                                    {
                                      "fallback": null,
                                      "inputType": "expression",
                                      "mappings": [
                                        {
                                          "input": "true",
                                          "output": false
                                        },
                                        {
                                          "input": "false",
                                          "output": true
                                        }
                                      ],
                                      "outputType": "scalar",
                                      "type": "map"
                                    }
                                  ],
                                  "type": "tag"
                                }
                              }
                            },
                            "props": {
                              "color": "#000000",
                              "path": "material/power_off"
                            },
                            "type": "ia.display.icon"
                          }
                        ],
                        "meta": {
                          "name": "FlexContainer_0"
                        },
                        "position": {
                          "basis": 84
                        },
                        "type": "ia.container.flex"
                      },
                      {
                        "children": [
                          {
                            "children": [
                              {
                                "events": {
                                  "component": {
                                    "onActionPerformed": {
                                      "config": {
                                        "script": "\tsystem.cirruslink.engine.publish(\"Chariot\n\tSCADA\",\"house/livingroom/bulb1\",str(\n\t\"toggle\").encode(),0,0)"
                                      },
                                      "scope": "G",
                                      "type": "script"
                                    }
                                  }
                                },
                                "meta": {
                                  "name": "ToggleSwitch"
                                },
                                "position": {
                                  "basis": "70px"
                                },
                                "propConfig": {
                                  "props.selected": {
                                    "binding": {
                                      "config": {
                                        "bidirectional": true,
                                        "fallbackDelay": 2.5,
                                        "mode": "direct",
                                        "tagPath": "[MQTT Engine]Edge Nodes/My Devices/Node-Red/Sparkplug Device/house/kitchen/plug1"
                                      },
                                      "type": "tag"
                                    }
                                  }
                                },
                                "props": {
                                  "color": {
                                    "selected": "#FF47FF",
                                    "unselected": "#800080"
                                  },
                                  "label": {
                                    "text": null
                                  },
                                  "style": {
                                    "marginTop": 23
                                  }
                                },
                                "type": "ia.input.toggle-switch"
                              },
                              {
                                "meta": {
                                  "name": "Label"
                                },
                                "position": {
                                  "basis": "50px"
                                },
                                "propConfig": {
                                  "props.text": {
                                    "binding": {
                                      "config": {
                                        "fallbackDelay": 2.5,
                                        "mode": "direct",
                                        "tagPath": "[MQTT Engine]Edge Nodes/My Devices/Node-Red/Sparkplug Device/house/kitchen/plug1"
                                      },
                                      "transforms": [
                                        {
                                          "fallback": null,
                                          "inputType": "expression",
                                          "mappings": [
                                            {
                                              "input": "true",
                                              "output": "ON"
                                            },
                                            {
                                              "input": "false",
                                              "output": "OFF"
                                            }
                                          ],
                                          "outputType": "scalar",
                                          "type": "map"
                                        }
                                      ],
                                      "type": "tag"
                                    }
                                  }
                                },
                                "props": {
                                  "textStyle": {
                                    "fontSize": "calc(0.9 * (1.0vmin + 1.0vmax))"
                                  }
                                },
                                "type": "ia.display.label"
                              }
                            ],
                            "meta": {
                              "name": "FlexContainer"
                            },
                            "position": {
                              "basis": "110px"
                            },
                            "type": "ia.container.flex"
                          }
                        ],
                        "meta": {
                          "name": "switch"
                        },
                        "position": {
                          "basis": "200px"
                        },
                        "type": "ia.container.flex"
                      }
                    ],
                    "meta": {
                      "name": "Plug1"
                    },
                    "position": {
                      "basis": 154,
                      "grow": 1
                    },
                    "props": {
                      "direction": "column",
                      "style": {
                        "borderLeftStyle": "solid",
                        "borderTopStyle": "none"
                      }
                    },
                    "type": "ia.container.flex"
                  },
                  {
                    "children": [
                      {
                        "children": [
                          {
                            "meta": {
                              "name": "Label"
                            },
                            "position": {
                              "basis": "232px"
                            },
                            "props": {
                              "text": "Plug 2",
                              "textStyle": {
                                "color": "#800080",
                                "fontFamily": "Helvetica",
                                "fontSize": "calc(1.1 * (1.0vmin + 1.0vmax))",
                                "fontWeight": "bold",
                                "marginLeft": 45
                              }
                            },
                            "type": "ia.display.label"
                          }
                        ],
                        "meta": {
                          "name": "FlexContainer"
                        },
                        "position": {
                          "basis": "94px"
                        },
                        "type": "ia.container.flex"
                      },
                      {
                        "children": [
                          {
                            "meta": {
                              "name": "Plug2_ON"
                            },
                            "position": {
                              "basis": "48px"
                            },
                            "propConfig": {
                              "meta.visible": {
                                "binding": {
                                  "config": {
                                    "fallbackDelay": 2.5,
                                    "mode": "direct",
                                    "tagPath": "[MQTT Engine]Edge Nodes/My Devices/Node-Red/Sparkplug Device/house/kitchen/plug2"
                                  },
                                  "transforms": [
                                    {
                                      "fallback": null,
                                      "inputType": "expression",
                                      "mappings": [
                                        {
                                          "input": "true",
                                          "output": true
                                        },
                                        {
                                          "input": "false",
                                          "output": false
                                        }
                                      ],
                                      "outputType": "scalar",
                                      "type": "map"
                                    }
                                  ],
                                  "type": "tag"
                                }
                              }
                            },
                            "props": {
                              "color": "#000000",
                              "path": "material/power",
                              "style": {
                                "marginLeft": 35
                              }
                            },
                            "type": "ia.display.icon"
                          },
                          {
                            "meta": {
                              "name": "Plug2_OFF"
                            },
                            "position": {
                              "basis": "47px"
                            },
                            "propConfig": {
                              "meta.visible": {
                                "binding": {
                                  "config": {
                                    "fallbackDelay": 2.5,
                                    "mode": "direct",
                                    "tagPath": "[MQTT Engine]Edge Nodes/My Devices/Node-Red/Sparkplug Device/house/kitchen/plug2"
                                  },
                                  "transforms": [
                                    {
                                      "fallback": null,
                                      "inputType": "expression",
                                      "mappings": [
                                        {
                                          "input": "true",
                                          "output": false
                                        },
                                        {
                                          "input": "false",
                                          "output": true
                                        }
                                      ],
                                      "outputType": "scalar",
                                      "type": "map"
                                    }
                                  ],
                                  "type": "tag"
                                }
                              }
                            },
                            "props": {
                              "color": "#000000",
                              "path": "material/power_off"
                            },
                            "type": "ia.display.icon"
                          }
                        ],
                        "meta": {
                          "name": "FlexContainer_0"
                        },
                        "position": {
                          "basis": "84px"
                        },
                        "type": "ia.container.flex"
                      },
                      {
                        "children": [
                          {
                            "children": [
                              {
                                "events": {
                                  "component": {
                                    "onActionPerformed": {
                                      "config": {
                                        "script": "\tsystem.cirruslink.engine.publish(\"Chariot\n\tSCADA\",\"house/livingroom/bulb1\",str(\n\t\"toggle\").encode(),0,0)"
                                      },
                                      "scope": "G",
                                      "type": "script"
                                    }
                                  }
                                },
                                "meta": {
                                  "name": "ToggleSwitch"
                                },
                                "position": {
                                  "basis": "70px"
                                },
                                "propConfig": {
                                  "props.selected": {
                                    "binding": {
                                      "config": {
                                        "bidirectional": true,
                                        "fallbackDelay": 2.5,
                                        "mode": "direct",
                                        "tagPath": "[MQTT Engine]Edge Nodes/My Devices/Node-Red/Sparkplug Device/house/kitchen/plug2.value"
                                      },
                                      "type": "tag"
                                    }
                                  }
                                },
                                "props": {
                                  "color": {
                                    "selected": "#FF47FF",
                                    "unselected": "#800080"
                                  },
                                  "label": {
                                    "text": null
                                  },
                                  "style": {
                                    "marginTop": 23
                                  }
                                },
                                "type": "ia.input.toggle-switch"
                              },
                              {
                                "meta": {
                                  "name": "Label"
                                },
                                "position": {
                                  "basis": "50px"
                                },
                                "propConfig": {
                                  "props.text": {
                                    "binding": {
                                      "config": {
                                        "fallbackDelay": 2.5,
                                        "mode": "direct",
                                        "tagPath": "[MQTT Engine]Edge Nodes/My Devices/Node-Red/Sparkplug Device/house/kitchen/plug2.value"
                                      },
                                      "transforms": [
                                        {
                                          "fallback": null,
                                          "inputType": "expression",
                                          "mappings": [
                                            {
                                              "input": "true",
                                              "output": "ON"
                                            },
                                            {
                                              "input": "false",
                                              "output": "OFF"
                                            }
                                          ],
                                          "outputType": "scalar",
                                          "type": "map"
                                        }
                                      ],
                                      "type": "tag"
                                    }
                                  }
                                },
                                "props": {
                                  "textStyle": {
                                    "fontSize": "calc(0.9 * (1.0vmin + 1.0vmax))"
                                  }
                                },
                                "type": "ia.display.label"
                              }
                            ],
                            "meta": {
                              "name": "FlexContainer"
                            },
                            "position": {
                              "basis": "110px"
                            },
                            "type": "ia.container.flex"
                          }
                        ],
                        "meta": {
                          "name": "switch"
                        },
                        "position": {
                          "basis": "200px"
                        },
                        "type": "ia.container.flex"
                      }
                    ],
                    "meta": {
                      "name": "Plug2"
                    },
                    "position": {
                      "basis": "154px"
                    },
                    "props": {
                      "direction": "column",
                      "style": {
                        "borderLeftStyle": "solid"
                      }
                    },
                    "type": "ia.container.flex"
                  }
                ],
                "meta": {
                  "name": "Bulbs"
                },
                "position": {
                  "basis": 462
                },
                "props": {
                  "style": {
                    "backgroundColor": "#D5D5D5",
                    "borderBottomLeftRadius": 15,
                    "borderBottomRightRadius": 15,
                    "borderStyle": "solid",
                    "borderTopLeftRadius": 15,
                    "borderTopRightRadius": 15,
                    "marginLeft": 50,
                    "marginTop": 15
                  }
                },
                "type": "ia.container.flex"
              }
            ],
            "meta": {
              "name": "PlugAndBulb"
            },
            "position": {
              "basis": "453px"
            },
            "props": {
              "style": {
                "marginLeft": 80
              }
            },
            "type": "ia.container.flex"
          }
        ],
        "meta": {
          "name": "PlugsBulbs"
        },
        "position": {
          "basis": "200px",
          "grow": 1
        },
        "type": "ia.container.flex"
      }
    ],
    "meta": {
      "name": "root"
    },
    "props": {
      "direction": "column"
    },
    "type": "ia.container.flex"
  }
}