{
  "custom": {},
  "params": {},
  "props": {
    "defaultSize": {
      "width": 200
    }
  },
  "root": {
    "children": [
      {
        "children": [
          {
            "children": [
              {
                "children": [
                  {
                    "events": {
                      "dom": {
                        "onClick": {
                          "config": {
                            "newTab": true,
                            "url": "https://docs.inductiveautomation.com/"
                          },
                          "scope": "C",
                          "type": "nav"
                        }
                      }
                    },
                    "meta": {
                      "name": "Help Button"
                    },
                    "position": {
                      "basis": 40
                    },
                    "props": {
                      "style": {
                        "backgroundColor": "#f5f5f5f5",
                        "borderBottomStyle": "none",
                        "borderLeftStyle": "none",
                        "borderRightStyle": "none",
                        "borderTopStyle": "none"
                      },
                      "text": "Help ",
                      "textStyle": {
                        "color": "#AC00AC"
                      }
                    },
                    "type": "ia.input.button"
                  },
                  {
                    "events": {
                      "dom": {
                        "onClick": {
                          "config": {
                            "newTab": true,
                            "url": "https://docs.inductiveautomation.com/"
                          },
                          "scope": "C",
                          "type": "nav"
                        }
                      }
                    },
                    "meta": {
                      "name": "Help Icon"
                    },
                    "position": {
                      "basis": "30px"
                    },
                    "props": {
                      "color": "#AC00AC",
                      "path": "material/help"
                    },
                    "type": "ia.display.icon"
                  }
                ],
                "meta": {
                  "name": "Help container"
                },
                "position": {
                  "basis": 100,
                  "grow": 1
                },
                "props": {
                  "direction": "column-reverse",
                  "style": {
                    "backgroundColor": "#f5f5f5f5",
                    "borderBottomStyle": "none",
                    "borderLeftStyle": "none",
                    "borderRightStyle": "none",
                    "borderTopStyle": "none"
                  }
                },
                "type": "ia.container.flex"
              },
              {
                "events": {
                  "dom": {
                    "onClick": {
                      "config": {
                        "page": "/garage_final"
                      },
                      "scope": "C",
                      "type": "nav"
                    }
                  }
                },
                "meta": {
                  "name": "Garage"
                },
                "position": {
                  "basis": 50
                },
                "props": {
                  "style": {
                    "backgroundColor": "#AAAAAA"
                  },
                  "text": "Garage",
                  "textStyle": {
                    "color": "#AC00AC",
                    "fontSize": "calc(0.8 * (1.0vmin + 1.0vmax))"
                  }
                },
                "type": "ia.input.button"
              },
              {
                "events": {
                  "dom": {
                    "onClick": {
                      "config": {
                        "page": "/hallway_final"
                      },
                      "scope": "C",
                      "type": "nav"
                    }
                  }
                },
                "meta": {
                  "name": "Hallway"
                },
                "position": {
                  "basis": 50
                },
                "props": {
                  "style": {
                    "backgroundColor": "#AAAAAA"
                  },
                  "text": "Hallway",
                  "textStyle": {
                    "color": "#AC00AC",
                    "fontSize": "calc(0.8 * (1.0vmin + 1.0vmax))"
                  }
                },
                "type": "ia.input.button"
              },
              {
                "events": {
                  "dom": {
                    "onClick": {
                      "config": {
                        "page": "/bathroom_final"
                      },
                      "scope": "C",
                      "type": "nav"
                    }
                  }
                },
                "meta": {
                  "name": "Bathroom"
                },
                "position": {
                  "basis": 50
                },
                "props": {
                  "style": {
                    "backgroundColor": "#AAAAAA"
                  },
                  "text": "Bathroom",
                  "textStyle": {
                    "color": "#AC00AC",
                    "fontSize": "calc(0.8 * (1.0vmin + 1.0vmax))"
                  }
                },
                "type": "ia.input.button"
              },
              {
                "events": {
                  "dom": {
                    "onClick": {
                      "config": {
                        "page": "/bedroom_final"
                      },
                      "scope": "C",
                      "type": "nav"
                    }
                  }
                },
                "meta": {
                  "name": "Bedroom"
                },
                "position": {
                  "basis": 50
                },
                "props": {
                  "style": {
                    "backgroundColor": "#AAAAAA"
                  },
                  "text": "Bedroom",
                  "textStyle": {
                    "color": "#AC00AC",
                    "fontSize": "calc(0.8 * (1.0vmin + 1.0vmax))"
                  }
                },
                "type": "ia.input.button"
              },
              {
                "events": {
                  "dom": {
                    "onClick": {
                      "config": {
                        "page": "/kitchen_final"
                      },
                      "scope": "C",
                      "type": "nav"
                    }
                  }
                },
                "meta": {
                  "name": "Kitchen"
                },
                "position": {
                  "basis": 50
                },
                "props": {
                  "style": {
                    "backgroundColor": "#AAAAAA"
                  },
                  "text": "Kitchen",
                  "textStyle": {
                    "color": "#AC00AC",
                    "fontSize": "calc(0.8 * (1.0vmin + 1.0vmax))"
                  }
                },
                "type": "ia.input.button"
              },
              {
                "events": {
                  "dom": {
                    "onClick": {
                      "config": {
                        "page": "/lr_final"
                      },
                      "scope": "C",
                      "type": "nav"
                    }
                  }
                },
                "meta": {
                  "name": "Living room"
                },
                "position": {
                  "basis": 50
                },
                "props": {
                  "style": {
                    "backgroundColor": "#AAAAAA"
                  },
                  "text": "Living room",
                  "textStyle": {
                    "color": "#AC00AC",
                    "fontSize": "calc(0.8 * (1.0vmin + 1.0vmax))"
                  }
                },
                "type": "ia.input.button"
              }
            ],
            "meta": {
              "name": "Vertical Menu Container"
            },
            "props": {
              "direction": "column-reverse",
              "style": {
                "backgroundColor": "#f5f5f5f5"
              }
            },
            "type": "ia.container.flex"
          },
          {
            "children": [
              {
                "children": [
                  {
                    "events": {
                      "dom": {
                        "onClick": {
                          "config": {
                            "newTab": true,
                            "url": "https://docs.inductiveautomation.com/"
                          },
                          "scope": "C",
                          "type": "nav"
                        }
                      }
                    },
                    "meta": {
                      "name": "Help Button"
                    },
                    "position": {
                      "basis": 40
                    },
                    "props": {
                      "style": {
                        "backgroundColor": "#f5f5f5f5",
                        "borderBottomStyle": "none",
                        "borderLeftStyle": "none",
                        "borderRightStyle": "none",
                        "borderTopStyle": "none"
                      },
                      "text": "Help ",
                      "textStyle": {
                        "color": "#AC00AC"
                      }
                    },
                    "type": "ia.input.button"
                  },
                  {
                    "events": {
                      "dom": {
                        "onClick": {
                          "config": {
                            "newTab": true,
                            "url": "https://docs.inductiveautomation.com/"
                          },
                          "scope": "C",
                          "type": "nav"
                        }
                      }
                    },
                    "meta": {
                      "name": "Help Icon"
                    },
                    "position": {
                      "basis": "30px"
                    },
                    "props": {
                      "color": "#AC00AC",
                      "path": "material/help"
                    },
                    "type": "ia.display.icon"
                  }
                ],
                "meta": {
                  "name": "Help container"
                },
                "position": {
                  "basis": 100,
                  "grow": 1
                },
                "props": {
                  "direction": "column-reverse",
                  "style": {
                    "backgroundColor": "#f5f5f5f5",
                    "borderBottomStyle": "none",
                    "borderLeftStyle": "none",
                    "borderRightStyle": "none",
                    "borderTopStyle": "none"
                  }
                },
                "type": "ia.container.flex"
              },
              {
                "events": {
                  "dom": {
                    "onClick": {
                      "config": {
                        "page": "/garage_final"
                      },
                      "scope": "C",
                      "type": "nav"
                    }
                  }
                },
                "meta": {
                  "name": "Garage"
                },
                "position": {
                  "basis": 50
                },
                "props": {
                  "style": {
                    "backgroundColor": "#AAAAAA"
                  },
                  "text": "Garage",
                  "textStyle": {
                    "color": "#AC00AC",
                    "fontSize": "calc(0.8 * (1.0vmin + 1.0vmax))"
                  }
                },
                "type": "ia.input.button"
              },
              {
                "events": {
                  "dom": {
                    "onClick": {
                      "config": {
                        "page": "/hallway_final"
                      },
                      "scope": "C",
                      "type": "nav"
                    }
                  }
                },
                "meta": {
                  "name": "Hallway"
                },
                "position": {
                  "basis": 50
                },
                "props": {
                  "style": {
                    "backgroundColor": "#AAAAAA"
                  },
                  "text": "Hallway",
                  "textStyle": {
                    "color": "#AC00AC",
                    "fontSize": "calc(0.8 * (1.0vmin + 1.0vmax))"
                  }
                },
                "type": "ia.input.button"
              },
              {
                "events": {
                  "dom": {
                    "onClick": {
                      "config": {
                        "page": "/bathroom_final"
                      },
                      "scope": "C",
                      "type": "nav"
                    }
                  }
                },
                "meta": {
                  "name": "Bathroom"
                },
                "position": {
                  "basis": 50
                },
                "props": {
                  "style": {
                    "backgroundColor": "#AAAAAA"
                  },
                  "text": "Bathroom",
                  "textStyle": {
                    "color": "#AC00AC",
                    "fontSize": "calc(0.8 * (1.0vmin + 1.0vmax))"
                  }
                },
                "type": "ia.input.button"
              },
              {
                "events": {
                  "dom": {
                    "onClick": {
                      "config": {
                        "page": "/bedroom_final"
                      },
                      "scope": "C",
                      "type": "nav"
                    }
                  }
                },
                "meta": {
                  "name": "Bedroom"
                },
                "position": {
                  "basis": 50
                },
                "props": {
                  "style": {
                    "backgroundColor": "#AAAAAA"
                  },
                  "text": "Bedroom",
                  "textStyle": {
                    "color": "#AC00AC",
                    "fontSize": "calc(0.8 * (1.0vmin + 1.0vmax))"
                  }
                },
                "type": "ia.input.button"
              },
              {
                "events": {
                  "dom": {
                    "onClick": {
                      "config": {
                        "page": "/kitchen_final"
                      },
                      "scope": "C",
                      "type": "nav"
                    }
                  }
                },
                "meta": {
                  "name": "Kitchen"
                },
                "position": {
                  "basis": 50
                },
                "props": {
                  "style": {
                    "backgroundColor": "#AAAAAA"
                  },
                  "text": "Kitchen",
                  "textStyle": {
                    "color": "#AC00AC",
                    "fontSize": "calc(0.8 * (1.0vmin + 1.0vmax))"
                  }
                },
                "type": "ia.input.button"
              },
              {
                "events": {
                  "dom": {
                    "onClick": {
                      "config": {
                        "page": "/lr_final"
                      },
                      "scope": "C",
                      "type": "nav"
                    }
                  }
                },
                "meta": {
                  "name": "Living room"
                },
                "position": {
                  "basis": 50
                },
                "props": {
                  "style": {
                    "backgroundColor": "#AAAAAA"
                  },
                  "text": "Living room",
                  "textStyle": {
                    "color": "#AC00AC",
                    "fontSize": "calc(0.8 * (1.0vmin + 1.0vmax))"
                  }
                },
                "type": "ia.input.button"
              }
            ],
            "meta": {
              "name": "Vertical Menu Container_0"
            },
            "position": {
              "size": "large"
            },
            "props": {
              "direction": "column-reverse",
              "style": {
                "backgroundColor": "#f5f5f5f5"
              }
            },
            "type": "ia.container.flex"
          }
        ],
        "meta": {
          "name": "BreakpointContainer"
        },
        "position": {
          "basis": "422px",
          "grow": 1
        },
        "props": {
          "breakpoint": 221
        },
        "type": "ia.container.breakpt"
      }
    ],
    "meta": {
      "name": "root"
    },
    "props": {
      "direction": "column"
    },
    "type": "ia.container.flex"
  }
}