{
  "custom": {},
  "params": {},
  "props": {
    "defaultSize": {
      "width": 1148
    }
  },
  "root": {
    "children": [
      {
        "children": [
          {
            "children": [
              {
                "meta": {
                  "name": "living room"
                },
                "position": {
                  "basis": "382px"
                },
                "props": {
                  "fit": {
                    "mode": "contain"
                  },
                  "source": "/system/images/living room.jpg"
                },
                "type": "ia.display.image"
              }
            ],
            "meta": {
              "name": "FlexContainer"
            },
            "position": {
              "basis": "382px"
            },
            "type": "ia.container.flex"
          },
          {
            "children": [
              {
                "meta": {
                  "name": "kitchen"
                },
                "position": {
                  "basis": "420px"
                },
                "props": {
                  "source": "/system/images/kitchen.jpg",
                  "style": {
                    "marginLeft": 10
                  }
                },
                "type": "ia.display.image"
              }
            ],
            "meta": {
              "name": "FlexContainer_1"
            },
            "position": {
              "basis": "445px"
            },
            "type": "ia.container.flex"
          },
          {
            "children": [
              {
                "meta": {
                  "name": "bedroom"
                },
                "position": {
                  "basis": "321px"
                },
                "props": {
                  "fit": {
                    "mode": "contain"
                  },
                  "source": "/system/images/bedroom.jpg"
                },
                "type": "ia.display.image"
              }
            ],
            "meta": {
              "name": "FlexContainer_0"
            },
            "position": {
              "basis": "200px",
              "grow": 1
            },
            "type": "ia.container.flex"
          }
        ],
        "meta": {
          "name": "FlexContainer"
        },
        "position": {
          "basis": "304px"
        },
        "type": "ia.container.flex"
      },
      {
        "children": [
          {
            "children": [
              {
                "meta": {
                  "name": "garage"
                },
                "position": {
                  "basis": "403px"
                },
                "props": {
                  "fit": {
                    "mode": "contain"
                  },
                  "source": "/system/images/garage.jpg"
                },
                "type": "ia.display.image"
              }
            ],
            "meta": {
              "name": "FlexContainer"
            },
            "position": {
              "basis": "424px"
            },
            "type": "ia.container.flex"
          },
          {
            "children": [
              {
                "meta": {
                  "name": "hallway"
                },
                "position": {
                  "basis": "333px"
                },
                "props": {
                  "fit": {
                    "mode": "contain"
                  },
                  "source": "/system/images/hallway.jpg"
                },
                "type": "ia.display.image"
              }
            ],
            "meta": {
              "name": "FlexContainer_0"
            },
            "position": {
              "basis": "422px"
            },
            "type": "ia.container.flex"
          },
          {
            "children": [
              {
                "meta": {
                  "name": "Bathroom"
                },
                "position": {
                  "basis": "297px"
                },
                "props": {
                  "fit": {
                    "mode": "contain"
                  },
                  "source": "/system/images/Bathroom.jpg",
                  "style": {
                    "marginLeft": -25
                  }
                },
                "type": "ia.display.image"
              }
            ],
            "meta": {
              "name": "FlexContainer_1"
            },
            "position": {
              "basis": "200px",
              "grow": 1
            },
            "type": "ia.container.flex"
          }
        ],
        "meta": {
          "name": "FlexContainer_0"
        },
        "position": {
          "basis": "341px"
        },
        "type": "ia.container.flex"
      },
      {
        "children": [
          {
            "meta": {
              "name": "TextField"
            },
            "position": {
              "basis": "150px",
              "grow": 1
            },
            "props": {
              "style": {
                "backgroundColor": "#f5f5f5f5",
                "color": "#AC00AC",
                "fontSize": "clamp(20px, 50% + 20px, 100px)",
                "textTransform": "uppercase"
              },
              "text": "Rooms overview"
            },
            "type": "ia.input.text-field"
          }
        ],
        "meta": {
          "name": "FlexContainer_1"
        },
        "position": {
          "basis": "100px"
        },
        "type": "ia.container.flex"
      }
    ],
    "meta": {
      "name": "root"
    },
    "props": {
      "direction": "column"
    },
    "type": "ia.container.flex"
  }
}