{
  "custom": {},
  "params": {},
  "props": {},
  "root": {
    "children": [
      {
        "children": [
          {
            "meta": {
              "name": "Label"
            },
            "position": {
              "basis": 85
            },
            "props": {
              "text": " My Smart Home ",
              "textStyle": {
                "borderBottomStyle": "double",
                "borderLeftStyle": "none",
                "borderRightStyle": "none",
                "borderTopStyle": "double",
                "color": "#A220B6",
                "fill": "#FF00FF",
                "fontFamily": "Merriweather",
                "fontSize": "calc(2.5 * (1.0vmin + 1.0vmax))",
                "fontStyle": "italic",
                "fontWeight": "bold",
                "outlineStyle": "none",
                "overflow": "visible",
                "overflowWrap": "normal",
                "overflowX": "visible",
                "overflowY": "visible",
                "stroke": "#D900D9",
                "textAlign": "center",
                "textShadow": "#FF00FF 2 2",
                "textTransform": "capitalize",
                "whiteSpace": "normal"
              }
            },
            "type": "ia.display.label"
          },
          {
            "meta": {
              "name": "Label_0"
            },
            "position": {
              "align": "auto",
              "basis": 40,
              "shrink": 0
            },
            "props": {
              "style": {
                "color": "#809880",
                "fontFamily": "Merriweather",
                "fontSize": "calc(2.2 * (1.0vmin + 1.0vmax))",
                "fontStyle": "italic",
                "fontWeight": "400",
                "textAlign": "center"
              },
              "text": "Control your home wherever you are"
            },
            "type": "ia.display.label"
          }
        ],
        "meta": {
          "name": "FlexContainer_0"
        },
        "position": {
          "basis": "200px",
          "shrink": 0
        },
        "props": {
          "alignItems": "center",
          "direction": "column",
          "style": {
            "backgroundColor": "#F5F5F5"
          }
        },
        "type": "ia.container.flex"
      },
      {
        "children": [
          {
            "meta": {
              "name": "home-automation1"
            },
            "position": {
              "basis": "702px",
              "grow": 1
            },
            "props": {
              "fit": {
                "mode": "contain"
              },
              "source": "/system/images/home-automation1.png"
            },
            "type": "ia.display.image"
          }
        ],
        "meta": {
          "name": "FlexContainer_1"
        },
        "position": {
          "basis": "299px"
        },
        "props": {
          "style": {
            "backgroundColor": "#f5f5f5f5"
          }
        },
        "type": "ia.container.flex"
      }
    ],
    "meta": {
      "name": "root"
    },
    "props": {
      "direction": "column"
    },
    "type": "ia.container.flex"
  }
}