{
  "custom": {},
  "params": {},
  "props": {
    "defaultSize": {
      "height": 976,
      "width": 790
    }
  },
  "root": {
    "children": [
      {
        "children": [
          {
            "meta": {
              "name": "weather"
            },
            "position": {
              "basis": "609px"
            },
            "props": {
              "fit": {
                "height": "calc(1.1 * (1.0vmin + 1.0vmax))",
                "width": "calc(1.1 * (1.0vmin + 1.0vmax))"
              },
              "source": "/system/images/weather.jpg",
              "style": {
                "marginBottom": 3,
                "marginTop": 3
              }
            },
            "type": "ia.display.image"
          }
        ],
        "meta": {
          "name": "FlexContainer"
        },
        "position": {
          "basis": "122px"
        },
        "type": "ia.container.flex"
      },
      {
        "children": [
          {
            "children": [
              {
                "children": [
                  {
                    "meta": {
                      "name": "Label"
                    },
                    "position": {
                      "basis": "193px"
                    },
                    "props": {
                      "text": "WEATHER",
                      "textStyle": {
                        "color": "#800080",
                        "fontSize": "calc(1.5 * (1.0vmin + 1.0vmax))",
                        "fontWeight": "bold"
                      }
                    },
                    "type": "ia.display.label"
                  }
                ],
                "meta": {
                  "name": "FlexContainer"
                },
                "position": {
                  "basis": 225
                },
                "type": "ia.container.flex"
              },
              {
                "children": [
                  {
                    "meta": {
                      "name": "Icon"
                    },
                    "position": {
                      "basis": "30px"
                    },
                    "props": {
                      "path": "material/location_on"
                    },
                    "type": "ia.display.icon"
                  },
                  {
                    "meta": {
                      "name": "Label"
                    },
                    "position": {
                      "basis": "139px"
                    },
                    "propConfig": {
                      "props.text": {
                        "binding": {
                          "config": {
                            "fallbackDelay": 2.5,
                            "mode": "direct",
                            "tagPath": "[MQTT Engine]Edge Nodes/My Devices/Node-Red/Sparkplug Device/house/weather/city.value"
                          },
                          "type": "tag"
                        }
                      }
                    },
                    "props": {
                      "textStyle": {
                        "fontSize": "calc(1 * (1.0vmin + 1.0vmax))",
                        "fontWeight": "bold"
                      }
                    },
                    "type": "ia.display.label"
                  }
                ],
                "meta": {
                  "name": "FlexContainer_0"
                },
                "position": {
                  "basis": "200px"
                },
                "type": "ia.container.flex"
              }
            ],
            "meta": {
              "name": "FlexContainer"
            },
            "position": {
              "basis": "339px"
            },
            "props": {
              "direction": "column"
            },
            "type": "ia.container.flex"
          }
        ],
        "meta": {
          "name": "FlexContainer_1"
        },
        "position": {
          "basis": "110px"
        },
        "type": "ia.container.flex"
      },
      {
        "children": [
          {
            "children": [
              {
                "children": [
                  {
                    "children": [
                      {
                        "meta": {
                          "name": "Label"
                        },
                        "position": {
                          "basis": 100
                        },
                        "props": {
                          "style": {
                            "color": "#555555",
                            "fontFamily": "Roboto"
                          },
                          "text": "Temperature",
                          "textStyle": {
                            "fontSize": "calc(0.8 * (1.0vmin + 1.0vmax))"
                          }
                        },
                        "type": "ia.display.label"
                      },
                      {
                        "meta": {
                          "name": "Label_0"
                        },
                        "position": {
                          "basis": "43px"
                        },
                        "propConfig": {
                          "props.text": {
                            "binding": {
                              "config": {
                                "fallbackDelay": 2.5,
                                "mode": "direct",
                                "tagPath": "[MQTT Engine]Edge Nodes/My Devices/Node-Red/Sparkplug Device/house/weather/temp.value"
                              },
                              "type": "tag"
                            }
                          }
                        },
                        "props": {
                          "textStyle": {
                            "fontSize": "calc(0.8 * (1.0vmin + 1.0vmax))"
                          }
                        },
                        "type": "ia.display.label"
                      },
                      {
                        "meta": {
                          "name": "Label_1"
                        },
                        "position": {
                          "basis": "50px"
                        },
                        "props": {
                          "text": "°C",
                          "textStyle": {
                            "fontSize": "calc(0.8 * (1.0vmin + 1.0vmax))"
                          }
                        },
                        "type": "ia.display.label"
                      }
                    ],
                    "meta": {
                      "name": "FlexContainer"
                    },
                    "position": {
                      "basis": "183px"
                    },
                    "type": "ia.container.flex"
                  },
                  {
                    "meta": {
                      "name": "Label"
                    },
                    "position": {
                      "basis": "78px"
                    },
                    "props": {
                      "style": {
                        "color": "#555555",
                        "fontFamily": "Roboto",
                        "margin": 15,
                        "marginBottom": 0,
                        "marginLeft": -5,
                        "marginRight": 0,
                        "marginTop": 0
                      },
                      "text": "Humidity",
                      "textStyle": {
                        "fontSize": "calc(1 * (1.0vmin + 1.0vmax))"
                      }
                    },
                    "type": "ia.display.label"
                  }
                ],
                "meta": {
                  "name": "FlexContainer_0"
                },
                "position": {
                  "basis": "57px"
                },
                "type": "ia.container.flex"
              },
              {
                "children": [
                  {
                    "children": [
                      {
                        "meta": {
                          "name": "Thermometer"
                        },
                        "position": {
                          "basis": "86px"
                        },
                        "propConfig": {
                          "props.value": {
                            "binding": {
                              "config": {
                                "fallbackDelay": 2.5,
                                "mode": "direct",
                                "tagPath": "[MQTT Engine]Edge Nodes/My Devices/Node-Red/Sparkplug Device/house/weather/temp.value"
                              },
                              "type": "tag"
                            }
                          }
                        },
                        "props": {
                          "intervals": [
                            {
                              "color": "#FFAC47",
                              "high": 10,
                              "low": 0
                            },
                            {
                              "color": "#FF8C00",
                              "high": 20,
                              "low": 10
                            },
                            {
                              "color": "#DB3939",
                              "high": 50,
                              "low": 20
                            }
                          ],
                          "lowBound": -30,
                          "mercuryColor": "#AAAAAA",
                          "style": {
                            "margin": 50,
                            "marginBottom": 10,
                            "marginRight": 0,
                            "marginTop": 10
                          },
                          "thermometerColor": "#000000",
                          "valueFontColor": "#000000"
                        },
                        "type": "ia.display.thermometer"
                      }
                    ],
                    "meta": {
                      "name": "FlexContainer"
                    },
                    "position": {
                      "basis": 150
                    },
                    "type": "ia.container.flex"
                  },
                  {
                    "children": [
                      {
                        "meta": {
                          "name": "CylindricalTank"
                        },
                        "position": {
                          "basis": "102px"
                        },
                        "propConfig": {
                          "props.value": {
                            "binding": {
                              "config": {
                                "fallbackDelay": 2.5,
                                "mode": "direct",
                                "tagPath": "[MQTT Engine]Edge Nodes/My Devices/Node-Red/Sparkplug Device/house/weather/hum.value"
                              },
                              "type": "tag"
                            }
                          }
                        },
                        "props": {
                          "liquidColor": "#AAAAAA",
                          "style": {
                            "margin": 1,
                            "marginBottom": 20,
                            "marginLeft": 10,
                            "marginRight": 10,
                            "marginTop": 20
                          }
                        },
                        "type": "ia.display.cylindrical-tank"
                      }
                    ],
                    "meta": {
                      "name": "FlexContainer_0"
                    },
                    "position": {
                      "basis": "154px"
                    },
                    "type": "ia.container.flex"
                  }
                ],
                "meta": {
                  "name": "FlexContainer"
                },
                "position": {
                  "basis": "200px"
                },
                "type": "ia.container.flex"
              }
            ],
            "meta": {
              "name": "FlexContainer"
            },
            "position": {
              "basis": "292px",
              "shrink": 0
            },
            "props": {
              "direction": "column"
            },
            "type": "ia.container.flex"
          },
          {
            "children": [
              {
                "children": [
                  {
                    "meta": {
                      "name": "Label"
                    },
                    "position": {
                      "basis": "77px"
                    },
                    "props": {
                      "text": "Pressure:",
                      "textStyle": {
                        "fontSize": "calc(0.8 * (1.0vmin + 1.0vmax))"
                      }
                    },
                    "type": "ia.display.label"
                  },
                  {
                    "meta": {
                      "name": "Label_0"
                    },
                    "position": {
                      "basis": "62px"
                    },
                    "propConfig": {
                      "props.text": {
                        "binding": {
                          "config": {
                            "fallbackDelay": 2.5,
                            "mode": "direct",
                            "tagPath": "[MQTT Engine]Edge Nodes/My Devices/Node-Red/Sparkplug Device/house/weather/pressure.value"
                          },
                          "type": "tag"
                        }
                      }
                    },
                    "props": {
                      "textStyle": {
                        "fontSize": "calc(0.7 * (1.0vmin + 1.0vmax))"
                      }
                    },
                    "type": "ia.display.label"
                  },
                  {
                    "meta": {
                      "name": "Label_1"
                    },
                    "position": {
                      "basis": "50px"
                    },
                    "props": {
                      "text": "bar",
                      "textStyle": {
                        "fontSize": "calc(0.8 * (1.0vmin + 1.0vmax))"
                      }
                    },
                    "type": "ia.display.label"
                  }
                ],
                "meta": {
                  "name": "FlexContainer"
                },
                "position": {
                  "basis": "90px"
                },
                "type": "ia.container.flex"
              },
              {
                "children": [
                  {
                    "meta": {
                      "name": "Label"
                    },
                    "position": {
                      "basis": "75px"
                    },
                    "props": {
                      "text": "Wind speed:",
                      "textStyle": {
                        "fontSize": "calc(0.8 * (1.0vmin + 1.0vmax))"
                      }
                    },
                    "type": "ia.display.label"
                  },
                  {
                    "meta": {
                      "name": "Label_0"
                    },
                    "position": {
                      "basis": "50px"
                    },
                    "propConfig": {
                      "props.text": {
                        "binding": {
                          "config": {
                            "fallbackDelay": 2.5,
                            "mode": "direct",
                            "tagPath": "[MQTT Engine]Edge Nodes/My Devices/Node-Red/Sparkplug Device/house/weather/wind.value"
                          },
                          "type": "tag"
                        }
                      }
                    },
                    "props": {
                      "textStyle": {
                        "fontSize": "calc(0.8 * (1.0vmin + 1.0vmax))"
                      }
                    },
                    "type": "ia.display.label"
                  },
                  {
                    "meta": {
                      "name": "Label_1"
                    },
                    "position": {
                      "basis": "50px"
                    },
                    "props": {
                      "text": "km/h",
                      "textStyle": {
                        "fontSize": "calc(0.8 * (1.0vmin + 1.0vmax))"
                      }
                    },
                    "type": "ia.display.label"
                  }
                ],
                "meta": {
                  "name": "FlexContainer_0"
                },
                "position": {
                  "basis": "81px"
                },
                "type": "ia.container.flex"
              },
              {
                "children": [
                  {
                    "meta": {
                      "name": "Label"
                    },
                    "position": {
                      "basis": "75px"
                    },
                    "props": {
                      "text": "Clouds:",
                      "textStyle": {
                        "fontSize": "calc(0.8 * (1.0vmin + 1.0vmax))"
                      }
                    },
                    "type": "ia.display.label"
                  },
                  {
                    "meta": {
                      "name": "Label_0"
                    },
                    "position": {
                      "basis": "50px"
                    },
                    "propConfig": {
                      "props.text": {
                        "binding": {
                          "config": {
                            "fallbackDelay": 2.5,
                            "mode": "direct",
                            "tagPath": "[MQTT Engine]Edge Nodes/My Devices/Node-Red/Sparkplug Device/house/weather/clouds.value"
                          },
                          "type": "tag"
                        }
                      }
                    },
                    "props": {
                      "textStyle": {
                        "fontSize": "calc(0.8 * (1.0vmin + 1.0vmax))"
                      }
                    },
                    "type": "ia.display.label"
                  }
                ],
                "meta": {
                  "name": "FlexContainer_1"
                },
                "position": {
                  "basis": "84px"
                },
                "type": "ia.container.flex"
              }
            ],
            "meta": {
              "name": "FlexContainer_1"
            },
            "position": {
              "basis": "200px",
              "grow": 1
            },
            "props": {
              "direction": "column"
            },
            "type": "ia.container.flex"
          }
        ],
        "meta": {
          "name": "FlexContainer_0"
        },
        "position": {
          "basis": "266px",
          "shrink": 0
        },
        "type": "ia.container.flex"
      }
    ],
    "meta": {
      "name": "root"
    },
    "props": {
      "direction": "column",
      "style": {
        "backgroundColor": "#f5f5f5f5"
      }
    },
    "type": "ia.container.flex"
  }
}