{
  "custom": {},
  "params": {},
  "props": {
    "defaultSize": {
      "height": 100,
      "width": 1380
    }
  },
  "root": {
    "children": [
      {
        "children": [
          {
            "children": [
              {
                "children": [
                  {
                    "events": {
                      "dom": {
                        "onClick": {
                          "config": {
                            "page": "/"
                          },
                          "scope": "C",
                          "type": "nav"
                        }
                      }
                    },
                    "meta": {
                      "name": "logo3-2",
                      "tooltip": {
                        "width": "calc(2.5 * (1.0vmin + 1.0vmax))"
                      }
                    },
                    "position": {
                      "basis": "calc(10 * (1.0vmin + 1.0vmax))",
                      "shrink": 0
                    },
                    "props": {
                      "fit": {
                        "height": "",
                        "mode": "calc(0.8 * (1.0vmin + 1.0vmax))",
                        "width": "calc(1 * (1.0vmin + 1.0vmax))"
                      },
                      "source": "/system/images/logo3-2.png",
                      "style": {
                        "fontSize": "calc(0.8 * (1.0vmin + 1.0vmax))"
                      }
                    },
                    "type": "ia.display.image"
                  }
                ],
                "meta": {
                  "name": "FlexContainer",
                  "tooltip": {
                    "width": "clamp(20px, 50% + 5px, 100px);"
                  }
                },
                "position": {
                  "basis": "200px"
                },
                "type": "ia.container.flex"
              }
            ],
            "meta": {
              "name": "FreeSpace1"
            },
            "position": {
              "basis": "327px"
            },
            "props": {
              "style": {
                "backgroundColor": "#F5F5F5"
              }
            },
            "type": "ia.container.flex"
          },
          {
            "events": {
              "dom": {
                "onClick": {
                  "config": {
                    "page": "/"
                  },
                  "scope": "C",
                  "type": "nav"
                }
              }
            },
            "meta": {
              "name": "Home"
            },
            "position": {
              "basis": "80px",
              "shrink": 0
            },
            "props": {
              "image": {
                "style": {
                  "backgroundColor": "#F5F5F5"
                }
              },
              "style": {
                "backgroundColor": "#F5F5F5",
                "borderBottomStyle": "none",
                "borderLeftStyle": "none",
                "borderRightStyle": "none",
                "borderTopStyle": "none"
              },
              "text": "Home",
              "textStyle": {
                "color": "#C429C4",
                "fontSize": "calc(0.8 * (1.0vmin + 1.0vmax))"
              }
            },
            "type": "ia.input.button"
          },
          {
            "events": {
              "dom": {
                "onClick": {
                  "config": {
                    "page": "/rooms"
                  },
                  "scope": "C",
                  "type": "nav"
                }
              }
            },
            "meta": {
              "name": "Rooms"
            },
            "position": {
              "basis": "80px",
              "shrink": 0
            },
            "props": {
              "image": {
                "style": {
                  "backgroundColor": "#F5F5F5"
                }
              },
              "style": {
                "backgroundColor": "#F5F5F5",
                "borderBottomStyle": "none",
                "borderLeftStyle": "none",
                "borderRightStyle": "none",
                "borderTopStyle": "none"
              },
              "text": "Rooms",
              "textStyle": {
                "color": "#C429C4",
                "fontSize": "calc(0.8 * (1.0vmin + 1.0vmax))"
              }
            },
            "type": "ia.input.button"
          },
          {
            "events": {
              "dom": {
                "onClick": {
                  "config": {
                    "page": "/information"
                  },
                  "scope": "C",
                  "type": "nav"
                }
              }
            },
            "meta": {
              "name": "Information"
            },
            "position": {
              "basis": "93px",
              "shrink": 0
            },
            "props": {
              "image": {
                "style": {
                  "backgroundColor": "#F5F5F5"
                }
              },
              "style": {
                "backgroundColor": "#F5F5F5",
                "borderBottomStyle": "none",
                "borderLeftStyle": "none",
                "borderRightStyle": "none",
                "borderTopStyle": "none"
              },
              "text": "Information",
              "textStyle": {
                "color": "#C429C4",
                "fontSize": "calc(0.8 * (1.0vmin + 1.0vmax))"
              }
            },
            "type": "ia.input.button"
          },
          {
            "events": {
              "dom": {
                "onClick": {
                  "config": {
                    "page": "/weather"
                  },
                  "scope": "C",
                  "type": "nav"
                }
              }
            },
            "meta": {
              "name": "Weather"
            },
            "position": {
              "basis": "80px",
              "shrink": 0
            },
            "props": {
              "image": {
                "style": {
                  "backgroundColor": "#F5F5F5",
                  "fontSize": "calc(0.8 * (1.0vmin + 1.0vmax))"
                }
              },
              "style": {
                "backgroundColor": "#F5F5F5",
                "borderBottomStyle": "none",
                "borderLeftStyle": "none",
                "borderRightStyle": "none",
                "borderTopStyle": "none"
              },
              "text": "Weather",
              "textStyle": {
                "color": "#C429C4",
                "fontSize": "calc(0.8 * (1.0vmin + 1.0vmax))"
              }
            },
            "type": "ia.input.button"
          },
          {
            "meta": {
              "name": "HorizontalMenu"
            },
            "position": {
              "basis": 120
            },
            "props": {
              "items": [
                {
                  "enabled": true,
                  "icon": {
                    "path": "material/keyboard_arrow_down"
                  },
                  "items": [
                    {
                      "enabled": true,
                      "icon": {
                        "color": "",
                        "path": "material/tv"
                      },
                      "items": [],
                      "label": "Devices History",
                      "style": {
                        "classes": "",
                        "color": "#C429C4"
                      },
                      "target": "/taghistory"
                    },
                    {
                      "enabled": true,
                      "icon": {
                        "path": "material/report"
                      },
                      "items": [],
                      "label": "Reports",
                      "style": {
                        "classes": "",
                        "color": "#C429C4"
                      },
                      "target": "/LR_Report"
                    },
                    {
                      "enabled": true,
                      "icon": {
                        "path": "material/alarm"
                      },
                      "items": [],
                      "label": "Alarms",
                      "style": {
                        "classes": "",
                        "color": "#C429C4"
                      },
                      "target": "/alarms"
                    }
                  ],
                  "label": "History",
                  "style": {
                    "classes": "",
                    "color": "#C429C4",
                    "fontSize": "calc(0.8 * (1.0vmin + 1.0vmax))"
                  },
                  "target": ""
                }
              ],
              "style": {
                "color": "#C429C4"
              }
            },
            "type": "ia.navigation.horizontalmenu"
          },
          {
            "children": [
              {
                "children": [
                  {
                    "meta": {
                      "name": "Label"
                    },
                    "position": {
                      "basis": "145.7px",
                      "grow": 1
                    },
                    "propConfig": {
                      "props.text": {
                        "binding": {
                          "config": {
                            "expression": "now(60000)"
                          },
                          "transforms": [
                            {
                              "formatType": "datetime",
                              "formatValue": {
                                "date": "medium",
                                "time": "medium"
                              },
                              "timezone": "CET",
                              "type": "format"
                            }
                          ],
                          "type": "expr"
                        }
                      }
                    },
                    "props": {
                      "style": {
                        "backgroundColor": "#f5f5f5f5"
                      },
                      "textStyle": {
                        "color": "#AC00AC",
                        "fontSize": "calc(0.8 * (1.0vmin + 1.0vmax))"
                      }
                    },
                    "type": "ia.display.label"
                  }
                ],
                "meta": {
                  "name": "FlexContainer"
                },
                "position": {
                  "basis": "200px"
                },
                "props": {
                  "direction": "row-reverse"
                },
                "type": "ia.container.flex"
              }
            ],
            "meta": {
              "name": "FreeSpace2"
            },
            "position": {
              "basis": "200px",
              "grow": 1
            },
            "props": {
              "justify": "flex-end",
              "style": {
                "backgroundColor": "#F5F5F5"
              }
            },
            "type": "ia.container.flex"
          }
        ],
        "meta": {
          "name": "HorizMenuCont"
        },
        "position": {
          "basis": "200px",
          "grow": 1
        },
        "props": {
          "style": {
            "fontWeight": "bold"
          }
        },
        "type": "ia.container.flex"
      }
    ],
    "meta": {
      "name": "root"
    },
    "type": "ia.container.flex"
  }
}