{
  "custom": {},
  "params": {},
  "props": {
    "defaultSize": {
      "height": 102,
      "width": 639
    }
  },
  "root": {
    "children": [
      {
        "children": [
          {
            "children": [
              {
                "children": [
                  {
                    "children": [
                      {
                        "events": {
                          "dom": {
                            "onClick": {
                              "config": {
                                "page": "/"
                              },
                              "scope": "C",
                              "type": "nav"
                            }
                          }
                        },
                        "meta": {
                          "name": "logo3-2",
                          "tooltip": {
                            "width": "calc(2.5 * (1.0vmin + 1.0vmax))"
                          }
                        },
                        "position": {
                          "basis": "203px",
                          "shrink": 0
                        },
                        "props": {
                          "fit": {
                            "height": "",
                            "mode": "calc(0.8 * (1.0vmin + 1.0vmax))",
                            "width": "calc(1 * (1.0vmin + 1.0vmax))"
                          },
                          "source": "/system/images/logo3-2.png",
                          "style": {
                            "fontSize": "calc(0.8 * (1.0vmin + 1.0vmax))"
                          }
                        },
                        "type": "ia.display.image"
                      }
                    ],
                    "meta": {
                      "name": "FlexContainer",
                      "tooltip": {
                        "width": "clamp(20px, 50% + 5px, 100px);"
                      }
                    },
                    "position": {
                      "basis": "205px"
                    },
                    "type": "ia.container.flex"
                  }
                ],
                "meta": {
                  "name": "FreeSpace1"
                },
                "position": {
                  "basis": 250
                },
                "props": {
                  "style": {
                    "backgroundColor": "#F5F5F5"
                  }
                },
                "type": "ia.container.flex"
              },
              {
                "meta": {
                  "name": "HorizontalMenu"
                },
                "position": {
                  "basis": 100
                },
                "props": {
                  "items": [
                    {
                      "enabled": true,
                      "icon": {
                        "path": "material/keyboard_arrow_down"
                      },
                      "items": [
                        {
                          "enabled": true,
                          "icon": {
                            "color": "",
                            "path": "material/tv"
                          },
                          "items": [],
                          "label": "Devices History",
                          "style": {
                            "classes": "",
                            "color": "#C429C4"
                          },
                          "target": "/taghistory"
                        },
                        {
                          "enabled": true,
                          "icon": {
                            "path": "material/report"
                          },
                          "items": [],
                          "label": "Reports",
                          "style": {
                            "classes": "",
                            "color": "#C429C4"
                          },
                          "target": "/LR_Report"
                        },
                        {
                          "enabled": true,
                          "icon": {
                            "path": ""
                          },
                          "items": [],
                          "label": "Weather",
                          "style": {
                            "classes": "",
                            "color": "#C429C4"
                          },
                          "target": "/weather"
                        },
                        {
                          "enabled": true,
                          "icon": {
                            "path": ""
                          },
                          "items": [],
                          "label": "Rooms",
                          "style": {
                            "classes": "",
                            "color": "#C429C4"
                          },
                          "target": "/rooms"
                        },
                        {
                          "enabled": true,
                          "icon": {
                            "path": ""
                          },
                          "items": [],
                          "label": "Information",
                          "style": {
                            "classes": "",
                            "color": "#C429C4"
                          },
                          "target": "/information"
                        },
                        {
                          "enabled": true,
                          "icon": {
                            "path": "material/alarm"
                          },
                          "items": [],
                          "label": "Alarms",
                          "style": {
                            "classes": "",
                            "color": "#C429C4"
                          },
                          "target": "/alarms"
                        }
                      ],
                      "label": "Menu",
                      "style": {
                        "classes": "",
                        "color": "#C429C4",
                        "fontSize": "calc(0.8 * (1.0vmin + 1.0vmax))"
                      },
                      "target": ""
                    }
                  ],
                  "style": {
                    "color": "#C429C4"
                  }
                },
                "type": "ia.navigation.horizontalmenu"
              },
              {
                "children": [
                  {
                    "children": [
                      {
                        "meta": {
                          "name": "Label"
                        },
                        "position": {
                          "basis": "145.7px",
                          "grow": 1
                        },
                        "propConfig": {
                          "props.text": {
                            "binding": {
                              "config": {
                                "expression": "now(60000)"
                              },
                              "transforms": [
                                {
                                  "formatType": "datetime",
                                  "formatValue": {
                                    "date": "medium",
                                    "time": "medium"
                                  },
                                  "timezone": "CET",
                                  "type": "format"
                                }
                              ],
                              "type": "expr"
                            }
                          }
                        },
                        "props": {
                          "style": {
                            "backgroundColor": "#f5f5f5f5"
                          },
                          "textStyle": {
                            "color": "#AC00AC",
                            "fontSize": "calc(0.8 * (1.0vmin + 1.0vmax))"
                          }
                        },
                        "type": "ia.display.label"
                      }
                    ],
                    "meta": {
                      "name": "FlexContainer"
                    },
                    "position": {
                      "basis": "269px"
                    },
                    "props": {
                      "direction": "row-reverse"
                    },
                    "type": "ia.container.flex"
                  }
                ],
                "meta": {
                  "name": "FreeSpace2"
                },
                "position": {
                  "basis": "200px",
                  "grow": 1
                },
                "props": {
                  "justify": "flex-end",
                  "style": {
                    "backgroundColor": "#F5F5F5"
                  }
                },
                "type": "ia.container.flex"
              }
            ],
            "meta": {
              "name": "HorizMenuCont"
            },
            "props": {
              "style": {
                "fontWeight": "bold"
              }
            },
            "type": "ia.container.flex"
          }
        ],
        "meta": {
          "name": "BreakpointContainer"
        },
        "position": {
          "basis": "800px"
        },
        "type": "ia.container.breakpt"
      }
    ],
    "meta": {
      "name": "root"
    },
    "type": "ia.container.flex"
  }
}