{
  "custom": {},
  "params": {},
  "props": {},
  "root": {
    "children": [
      {
        "children": [
          {
            "meta": {
              "name": "EmbeddedView"
            },
            "position": {
              "size": "large"
            },
            "props": {
              "path": "Room/Living room"
            },
            "type": "ia.display.view"
          },
          {
            "meta": {
              "name": "EmbeddedView_0"
            },
            "props": {
              "path": "Room/LR_Little"
            },
            "type": "ia.display.view"
          }
        ],
        "meta": {
          "name": "BreakpointContainer"
        },
        "position": {
          "basis": 800
        },
        "type": "ia.container.breakpt"
      }
    ],
    "meta": {
      "name": "root"
    },
    "props": {
      "direction": "column"
    },
    "type": "ia.container.flex"
  }
}